SECUCODE,SECURITY_CODE,SECURITY_NAME_ABBR,ORG_CODE,ORG_TYPE,REPORT_DATE,REPORT_TYPE,REPORT_DATE_NAME,SECURITY_TYPE_CODE,NOTICE_DATE,UPDATE_DATE,CURRENCY,ACCEPT_DEPOSIT_INTERBANK,ACCOUNTS_PAYABLE,ACCOUNTS_RECE,ACCRUED_EXPENSE,ADVANCE_RECEIVABLES,AGENT_TRADE_SECURITY,AGENT_UNDERWRITE_SECURITY,AMORTIZE_COST_FINASSET,AMORTIZE_COST_FINLIAB,AMORTIZE_COST_NCFINASSET,AMORTIZE_COST_NCFINLIAB,APPOINT_FVTPL_FINASSET,APPOINT_FVTPL_FINLIAB,ASSET_BALANCE,ASSET_OTHER,ASSIGN_CASH_DIVIDEND,AVAILABLE_SALE_FINASSET,BOND_PAYABLE,BORROW_FUND,BUY_RESALE_FINASSET,CAPITAL_RESERVE,CIP,CONSUMPTIVE_BIOLOGICAL_ASSET,CONTRACT_ASSET,CONTRACT_LIAB,CONVERT_DIFF,CREDITOR_INVEST,CURRENT_ASSET_BALANCE,CURRENT_ASSET_OTHER,CURRENT_LIAB_BALANCE,CURRENT_LIAB_OTHER,DEFER_INCOME,DEFER_INCOME_1YEAR,DEFER_TAX_ASSET,DEFER_TAX_LIAB,DERIVE_FINASSET,DERIVE_FINLIAB,DEVELOP_EXPENSE,DIV_HOLDSALE_ASSET,DIV_HOLDSALE_LIAB,DIVIDEND_PAYABLE,DIVIDEND_RECE,EQUITY_BALANCE,EQUITY_OTHER,EXPORT_REFUND_RECE,FEE_COMMISSION_PAYABLE,FIN_FUND,FINANCE_RECE,FIXED_ASSET,FIXED_ASSET_DISPOSAL,FVTOCI_FINASSET,FVTOCI_NCFINASSET,FVTPL_FINASSET,FVTPL_FINLIAB,GENERAL_RISK_RESERVE,GOODWILL,HOLD_MATURITY_INVEST,HOLDSALE_ASSET,HOLDSALE_LIAB,INSURANCE_CONTRACT_RESERVE,INTANGIBLE_ASSET,INTEREST_PAYABLE,INTEREST_RECE,INTERNAL_PAYABLE,INTERNAL_RECE,INVENTORY,INVEST_REALESTATE,LEASE_LIAB,LEND_FUND,LIAB_BALANCE,LIAB_EQUITY_BALANCE,LIAB_EQUITY_OTHER,LIAB_OTHER,LOAN_ADVANCE,LOAN_PBC,LONG_EQUITY_INVEST,LONG_LOAN,LONG_PAYABLE,LONG_PREPAID_EXPENSE,LONG_RECE,LONG_STAFFSALARY_PAYABLE,MINORITY_EQUITY,MONETARYFUNDS,NONCURRENT_ASSET_1YEAR,NONCURRENT_ASSET_BALANCE,NONCURRENT_ASSET_OTHER,NONCURRENT_LIAB_1YEAR,NONCURRENT_LIAB_BALANCE,NONCURRENT_LIAB_OTHER,NOTE_ACCOUNTS_PAYABLE,NOTE_ACCOUNTS_RECE,NOTE_PAYABLE,NOTE_RECE,OIL_GAS_ASSET,OTHER_COMPRE_INCOME,OTHER_CREDITOR_INVEST,OTHER_CURRENT_ASSET,OTHER_CURRENT_LIAB,OTHER_EQUITY_INVEST,OTHER_EQUITY_OTHER,OTHER_EQUITY_TOOL,OTHER_NONCURRENT_ASSET,OTHER_NONCURRENT_FINASSET,OTHER_NONCURRENT_LIAB,OTHER_PAYABLE,OTHER_RECE,PARENT_EQUITY_BALANCE,PARENT_EQUITY_OTHER,PERPETUAL_BOND,PERPETUAL_BOND_PAYBALE,PREDICT_CURRENT_LIAB,PREDICT_LIAB,PREFERRED_SHARES,PREFERRED_SHARES_PAYBALE,PREMIUM_RECE,PREPAYMENT,PRODUCTIVE_BIOLOGY_ASSET,PROJECT_MATERIAL,RC_RESERVE_RECE,REINSURE_PAYABLE,REINSURE_RECE,SELL_REPO_FINASSET,SETTLE_EXCESS_RESERVE,SHARE_CAPITAL,SHORT_BOND_PAYABLE,SHORT_FIN_PAYABLE,SHORT_LOAN,SPECIAL_PAYABLE,SPECIAL_RESERVE,STAFF_SALARY_PAYABLE,SUBSIDY_RECE,SURPLUS_RESERVE,TAX_PAYABLE,TOTAL_ASSETS,TOTAL_CURRENT_ASSETS,TOTAL_CURRENT_LIAB,TOTAL_EQUITY,TOTAL_LIAB_EQUITY,TOTAL_LIABILITIES,TOTAL_NONCURRENT_ASSETS,TOTAL_NONCURRENT_LIAB,TOTAL_OTHER_PAYABLE,TOTAL_OTHER_RECE,TOTAL_PARENT_EQUITY,TRADE_FINASSET,TRADE_FINASSET_NOTFVTPL,TRADE_FINLIAB,TRADE_FINLIAB_NOTFVTPL,TREASURY_SHARES,UNASSIGN_RPOFIT,UNCONFIRM_INVEST_LOSS,USERIGHT_ASSET,ACCEPT_DEPOSIT_INTERBANK_YOY,ACCOUNTS_PAYABLE_YOY,ACCOUNTS_RECE_YOY,ACCRUED_EXPENSE_YOY,ADVANCE_RECEIVABLES_YOY,AGENT_TRADE_SECURITY_YOY,AGENT_UNDERWRITE_SECURITY_YOY,AMORTIZE_COST_FINASSET_YOY,AMORTIZE_COST_FINLIAB_YOY,AMORTIZE_COST_NCFINASSET_YOY,AMORTIZE_COST_NCFINLIAB_YOY,APPOINT_FVTPL_FINASSET_YOY,APPOINT_FVTPL_FINLIAB_YOY,ASSET_BALANCE_YOY,ASSET_OTHER_YOY,ASSIGN_CASH_DIVIDEND_YOY,AVAILABLE_SALE_FINASSET_YOY,BOND_PAYABLE_YOY,BORROW_FUND_YOY,BUY_RESALE_FINASSET_YOY,CAPITAL_RESERVE_YOY,CIP_YOY,CONSUMPTIVE_BIOLOGICAL_ASSET_YOY,CONTRACT_ASSET_YOY,CONTRACT_LIAB_YOY,CONVERT_DIFF_YOY,CREDITOR_INVEST_YOY,CURRENT_ASSET_BALANCE_YOY,CURRENT_ASSET_OTHER_YOY,CURRENT_LIAB_BALANCE_YOY,CURRENT_LIAB_OTHER_YOY,DEFER_INCOME_1YEAR_YOY,DEFER_INCOME_YOY,DEFER_TAX_ASSET_YOY,DEFER_TAX_LIAB_YOY,DERIVE_FINASSET_YOY,DERIVE_FINLIAB_YOY,DEVELOP_EXPENSE_YOY,DIV_HOLDSALE_ASSET_YOY,DIV_HOLDSALE_LIAB_YOY,DIVIDEND_PAYABLE_YOY,DIVIDEND_RECE_YOY,EQUITY_BALANCE_YOY,EQUITY_OTHER_YOY,EXPORT_REFUND_RECE_YOY,FEE_COMMISSION_PAYABLE_YOY,FIN_FUND_YOY,FINANCE_RECE_YOY,FIXED_ASSET_DISPOSAL_YOY,FIXED_ASSET_YOY,FVTOCI_FINASSET_YOY,FVTOCI_NCFINASSET_YOY,FVTPL_FINASSET_YOY,FVTPL_FINLIAB_YOY,GENERAL_RISK_RESERVE_YOY,GOODWILL_YOY,HOLD_MATURITY_INVEST_YOY,HOLDSALE_ASSET_YOY,HOLDSALE_LIAB_YOY,INSURANCE_CONTRACT_RESERVE_YOY,INTANGIBLE_ASSET_YOY,INTEREST_PAYABLE_YOY,INTEREST_RECE_YOY,INTERNAL_PAYABLE_YOY,INTERNAL_RECE_YOY,INVENTORY_YOY,INVEST_REALESTATE_YOY,LEASE_LIAB_YOY,LEND_FUND_YOY,LIAB_BALANCE_YOY,LIAB_EQUITY_BALANCE_YOY,LIAB_EQUITY_OTHER_YOY,LIAB_OTHER_YOY,LOAN_ADVANCE_YOY,LOAN_PBC_YOY,LONG_EQUITY_INVEST_YOY,LONG_LOAN_YOY,LONG_PAYABLE_YOY,LONG_PREPAID_EXPENSE_YOY,LONG_RECE_YOY,LONG_STAFFSALARY_PAYABLE_YOY,MINORITY_EQUITY_YOY,MONETARYFUNDS_YOY,NONCURRENT_ASSET_1YEAR_YOY,NONCURRENT_ASSET_BALANCE_YOY,NONCURRENT_ASSET_OTHER_YOY,NONCURRENT_LIAB_1YEAR_YOY,NONCURRENT_LIAB_BALANCE_YOY,NONCURRENT_LIAB_OTHER_YOY,NOTE_ACCOUNTS_PAYABLE_YOY,NOTE_ACCOUNTS_RECE_YOY,NOTE_PAYABLE_YOY,NOTE_RECE_YOY,OIL_GAS_ASSET_YOY,OTHER_COMPRE_INCOME_YOY,OTHER_CREDITOR_INVEST_YOY,OTHER_CURRENT_ASSET_YOY,OTHER_CURRENT_LIAB_YOY,OTHER_EQUITY_INVEST_YOY,OTHER_EQUITY_OTHER_YOY,OTHER_EQUITY_TOOL_YOY,OTHER_NONCURRENT_ASSET_YOY,OTHER_NONCURRENT_FINASSET_YOY,OTHER_NONCURRENT_LIAB_YOY,OTHER_PAYABLE_YOY,OTHER_RECE_YOY,PARENT_EQUITY_BALANCE_YOY,PARENT_EQUITY_OTHER_YOY,PERPETUAL_BOND_PAYBALE_YOY,PERPETUAL_BOND_YOY,PREDICT_CURRENT_LIAB_YOY,PREDICT_LIAB_YOY,PREFERRED_SHARES_PAYBALE_YOY,PREFERRED_SHARES_YOY,PREMIUM_RECE_YOY,PREPAYMENT_YOY,PRODUCTIVE_BIOLOGY_ASSET_YOY,PROJECT_MATERIAL_YOY,RC_RESERVE_RECE_YOY,REINSURE_PAYABLE_YOY,REINSURE_RECE_YOY,SELL_REPO_FINASSET_YOY,SETTLE_EXCESS_RESERVE_YOY,SHARE_CAPITAL_YOY,SHORT_BOND_PAYABLE_YOY,SHORT_FIN_PAYABLE_YOY,SHORT_LOAN_YOY,SPECIAL_PAYABLE_YOY,SPECIAL_RESERVE_YOY,STAFF_SALARY_PAYABLE_YOY,SUBSIDY_RECE_YOY,SURPLUS_RESERVE_YOY,TAX_PAYABLE_YOY,TOTAL_ASSETS_YOY,TOTAL_CURRENT_ASSETS_YOY,TOTAL_CURRENT_LIAB_YOY,TOTAL_EQUITY_YOY,TOTAL_LIAB_EQUITY_YOY,TOTAL_LIABILITIES_YOY,TOTAL_NONCURRENT_ASSETS_YOY,TOTAL_NONCURRENT_LIAB_YOY,TOTAL_OTHER_PAYABLE_YOY,TOTAL_OTHER_RECE_YOY,TOTAL_PARENT_EQUITY_YOY,TRADE_FINASSET_NOTFVTPL_YOY,TRADE_FINASSET_YOY,TRADE_FINLIAB_NOTFVTPL_YOY,TRADE_FINLIAB_YOY,TREASURY_SHARES_YOY,UNASSIGN_RPOFIT_YOY,UNCONFIRM_INVEST_LOSS_YOY,USERIGHT_ASSET_YOY,OPINION_TYPE,OSOPINION_TYPE,LISTING_STATE
603291.SH,603291,联合水务,10000156123,通用,2025-03-31 00:00:00,一季报,2025一季报,058001001,2025-04-25 00:00:00,2025-04-25 00:00:00,CNY,0.0,221902589.76,333981930.11,0.0,0.0,0.0,0.0,0.0,0.0,0.0,0.0,0.0,0.0,0.0,0.0,0.0,0.0,0.0,0.0,0.0,490222978.13,5972017.18,0.0,82149395.76,68174335.0,0.0,0.0,0,0.0,0,0.0,176771029.85,0.0,47563081.59,44418345.32,0.0,0.0,0.0,0.0,0.0,0.0,0.0,0,0.0,0.0,0.0,0.0,5496204.39,722413821.6,0.0,0.0,0.0,0.0,0.0,0.0,0.0,0.0,32151221.76,12294811.4,0.0,2122098334.23,0.0,0.0,0.0,0.0,33420543.81,0.0,15220128.18,0.0,0.0,0.0,0.0,0.0,0.0,0.0,37377049.46,573183636.99,2401466.2,12643869.45,6282973.69,0.0,50773540.35,174052867.45,8038634.41,0.0,0.0,160763181.04,0,0.0,222256870.56,350945331.74,354280.8,16963401.63,0.0,-5896192.3,0.0,50637781.54,19850862.82,0.0,0.0,0.0,41970728.23,0.0,137234818.09,0.0,0.0,0,0.0,0.0,0.0,0.0,204571770.07,0.0,0.0,0.0,8952610.79,0.0,0.0,0.0,0.0,0.0,0.0,0.0,423220604.0,0.0,0.0,253962785.91,0.0,7669418.5,5090814.67,0.0,59717742.59,28196532.04,3789234769.09,769042799.13,795934458.27,1839499116.12,3789234769.09,1949735652.97,3020191969.96,1153801194.7,25344264.83,9048207.48,1788725575.77,0.0,14150000.0,0.0,0.0,0.0,813791024.85,0.0,23870094.53,0.0,-14.9562719118,0.5134540651,0.0,0.0,0.0,0.0,0.0,0.0,0.0,0.0,0.0,0.0,100.0,0.0,0.0,0.0,0.0,0.0,0.0,0.0,-87.2879551178,0.0,10.527216882,-10.1569094328,0.0,0.0,0.0,0.0,0.0,0.0,0.0,-3.997233845,23.7993596291,3.5377454407,0.0,0.0,0.0,0.0,0.0,0.0,0.0,0.0,0.0,0.0,0.0,0.0,215.2874153526,0.0,6.1489750894,0.0,0.0,0.0,0.0,0.0,0.0,0.0,0.0,0.0,0.0,3.8112644324,0.0,0.0,0.0,0.0,-11.8468593161,0.0,-36.9567659355,0.0,0.0,0.0,0.0,0.0,0.0,0.0,0.0,7.3641285509,0.0,6.3131390763,4.2697904551,0.0,1.0883383029,27.9466257881,85.7674891129,0.0,0.0,5.4073940585,0.0,0.0,-14.9156406264,3.4308073468,21.4188577852,141.3481095963,0.0,-53.2168365353,0.0,-1.3542912097,29.8734010252,0.0,0.0,0.0,0.5858392217,0.0,-0.3149056197,0.0,0.0,0.0,0.0,0.0,0.0,0.0,4.240863423,0.0,0.0,0.0,69.5942597199,0.0,0.0,0.0,0.0,0.0,0.0,0.0,0.0,0.0,0.0,67.892730335,0.0,4.7348947014,-3.7299550116,0.0,25.8159647609,-34.7080538499,3.5331546964,1.6665414305,6.3471798719,2.7577477473,3.5331546961,4.2755263017,4.0194575794,2.8928432295,-19.5301612384,-21.0361739846,2.8059396136,-77.3843646671,0.0,0.0,0.0,0.0,4.9345442384,0.0,-29.1456005107,0,0.0,0
603291.SH,603291,联合水务,10000156123,通用,2024-12-31 00:00:00,年报,2024年报,058001001,2025-04-25 00:00:00,2025-04-25 00:00:00,CNY,0.0,267527684.55,334206854.71,0.0,0.0,0.0,0.0,0.0,0.0,0.0,0.0,0.0,0.0,0.0,0.0,0.0,0.0,0.0,0.0,0.0,490222978.13,5904416.17,0.0,85092220.61,64720347.01,0.0,0.0,0,0.0,0,0.0,180086071.46,0.0,46282194.22,43884128.57,0.0,0.0,0.0,0.0,0.0,0.0,0.0,0,0.0,0.0,0.0,0.0,3600000.0,732151371.4,0.0,0.0,0.0,0.0,0.0,0.0,0.0,0.0,32151221.76,12294811.4,0.0,2109834338.19,0.0,0.0,0.0,0.0,29332642.96,0.0,17848379.04,0.0,0.0,0.0,0.0,0.0,0.0,0.0,37816017.92,545016636.99,2401466.2,13558724.5,6228920.45,0.0,50257707.49,126128280.0,7901062.3,0.0,0.0,150800040.9,0,0.0,267847961.35,343289776.82,320276.8,9082922.11,0.0,-5731398.54,0.0,50958893.73,19044190.87,0.0,0.0,0.0,42172105.19,0.0,136461663.37,0.0,0.0,0,0.0,0.0,0.0,0.0,202390242.14,0.0,0.0,0.0,9576568.49,0.0,0.0,0.0,0.0,0.0,0.0,0.0,423220604.0,0.0,0.0,171479276.76,0.0,7660136.88,16049099.64,0.0,59717742.59,27560003.11,3715236459.21,695467752.18,760535906.5,1826611964.94,3715236459.21,1888624494.27,3019768707.03,1128088587.77,30740175.46,6537085.51,1776354257.45,0.0,900000.0,0.0,0.0,0.0,801264194.39,0.0,25820618.99,0.0,-13.7273746368,6.1349214932,0.0,0.0,0.0,0.0,0.0,0.0,0.0,0.0,0.0,0.0,0.0,0.0,0.0,0.0,0.0,0.0,0.0,0.0,-86.6296281131,0.0,15.6837700696,-19.3464073743,0.0,0.0,0.0,0.0,0.0,0.0,0.0,-3.8459377783,18.961642604,1.5558880197,0.0,0.0,0.0,0.0,0.0,0.0,0.0,0.0,0.0,0.0,0.0,0.0,3.1315499814,0.0,5.5168396646,0.0,0.0,0.0,0.0,0.0,0.0,0.0,0.0,0.0,0.0,2.1964885855,0.0,0.0,0.0,0.0,-22.8371482698,0.0,6.7819660863,0.0,0.0,0.0,0.0,0.0,0.0,0.0,0.0,3.6344636209,0.0,58.3775977577,4.5930676905,0.0,2.5150189553,-30.8887483993,117.771830607,0.0,0.0,0.7603576313,0.0,0.0,-13.624091418,6.5954774091,0.0,26.8490169066,0.0,-38.4057216806,0.0,30.4940743842,23.0330453434,0.0,0.0,0.0,14.3802463726,0.0,-2.2354829843,0.0,0.0,0.0,0.0,0.0,0.0,0.0,3.654632632,0.0,0.0,0.0,159.9908642093,0.0,0.0,0.0,0.0,0.0,0.0,0.0,0.0,0.0,0.0,47.8754892642,0.0,3.0756647441,1.4498483999,0.0,25.8159647609,-24.8381957783,2.203302073,-3.5770750606,-1.1875632814,4.0738992609,2.203302073,0.4570001345,3.6341119184,1.5969777453,-8.1031364594,-36.7004766556,4.1186940069,-92.9782587433,0.0,0.0,0.0,0.0,8.0034914224,0.0,22.5848982677,标准无保留意见,0.0,0
603291.SH,603291,联合水务,10000156123,通用,2024-09-30 00:00:00,三季报,2024三季报,058001001,2024-10-30 00:00:00,2024-10-30 00:00:00,CNY,0.0,255809820.45,351006836.25,0.0,0.0,0.0,0.0,0.0,0.0,0.0,0.0,0.0,0.0,0.0,0.0,0.0,0.0,0.0,0.0,0.0,490222978.13,4684716.57,0.0,73081828.8,71013327.01,0.0,0.0,0,0.0,0,0.0,181548141.74,0.0,41043250.82,41517017.2,0.0,0.0,0.0,0.0,0.0,0.0,0.0,0,0.0,0.0,0.0,0.0,3099327.98,740449941.23,0.0,0.0,0.0,0.0,0.0,0.0,0.0,0.0,32151221.76,12294811.4,0.0,2047005782.61,0.0,0.0,0.0,0.0,39001702.67,0.0,20634277.9,0.0,0.0,0.0,0.0,0.0,0.0,0.0,39839597.11,551584725.53,2401466.2,13746897.26,6169020.29,0.0,47572992.7,57689258.67,5797325.69,0.0,0.0,160614749.95,0,0.0,255809820.45,363875105.88,0.0,12868269.63,0.0,-7205651.48,0.0,44188756.92,17835677.98,0.0,0.0,0.0,40119142.54,0.0,138748373.5,0.0,0.0,0,0.0,0.0,0.0,0.0,201569867.35,0.0,0.0,0.0,9836847.71,0.0,0.0,0.0,0.0,0.0,0.0,0.0,423220604.0,0.0,0.0,144458521.94,0.0,7414973.98,12910694.34,0.0,47464360.11,29879003.51,3680608635.83,719735940.67,740500289.38,1802104477.03,3680608635.83,1878504158.8,2960872695.16,1138003869.42,35683682.8,8614564.59,1754531484.33,0.0,82400000.0,0.0,0.0,0.0,793414219.59,0.0,27814346.73,0.0,-17.7266570366,3.2271476258,0.0,0.0,0.0,0.0,0.0,0.0,0.0,0.0,0.0,0.0,0.0,0.0,0.0,0.0,0.0,0.0,0.0,0.1290016703,-95.3432313632,0.0,-10.9542981732,-22.9709473431,0.0,0.0,0.0,0.0,0.0,0.0,0.0,-2.9876033624,14.5029888567,-21.6309972728,0.0,0.0,0.0,0.0,0.0,0.0,0.0,0.0,0.0,0.0,0.0,0.0,54.966399,0.0,14.4637924057,0.0,0.0,0.0,0.0,0.0,0.0,0.0,0.0,0.0,0.0,0.2512286376,0.0,0.0,0.0,0.0,7.9669460592,0.0,15.2078444915,0.0,-100.0,0.0,0.0,0.0,0.0,0.0,0.0,-4.1964093573,0.0,126.6645223375,-84.9977073878,0.0,4.1291572974,-41.2201406544,0.0,-100.0,0.0,5.64615185,0.0,0.0,-17.7266570366,5.9153101469,0.0,265.6348003729,0.0,-76.1426106252,0.0,27.4250211057,51.9670561579,0.0,0.0,0.0,7085.3182506722,0.0,1.4713012835,0.0,0.0,0.0,0.0,0.0,0.0,0.0,4.4394623059,0.0,0.0,0.0,144.6793916198,0.0,0.0,0.0,0.0,0.0,0.0,0.0,0.0,0.0,0.0,11.0381749413,0.0,13.6509564132,-2.1222081568,0.0,6.5631819949,69.6672613305,0.8752580683,-4.3939457926,-5.6054169589,6.1129392534,0.8752580683,-3.6854314106,2.2450523967,-2.3935854208,-19.6222491439,-57.6906941678,6.1677812971,-17.3603450005,0.0,0.0,0.0,0.0,14.5201950165,0.0,21.4132849028,0,0.0,0
603291.SH,603291,联合水务,10000156123,通用,2024-06-30 00:00:00,中报,2024中报,058001001,2024-08-29 00:00:00,2024-08-29 00:00:00,CNY,0.0,249136531.56,334756216.13,0.0,0.0,0.0,0.0,0.0,0.0,0.0,0.0,0.0,0.0,0.0,0.0,0.0,0.0,0.0,0.0,0.0,490222978.13,5153387.86,0.0,71725960.55,79130942.05,0.0,0.0,0,0.0,0,0.0,180815562.62,0.0,40574111.85,40211975.78,0.0,0.0,0.0,0.0,0.0,0.0,0.0,0,0.0,0.0,0.0,0.0,2822153.45,751379415.99,0.0,0.0,0.0,0.0,0.0,0.0,0.0,0.0,32151221.76,12294811.4,0.0,2036201963.58,0.0,0.0,0.0,0.0,37578197.32,0.0,24133831.35,0.0,0.0,0.0,0.0,0.0,0.0,0.0,29237451.12,570384953.38,2401466.2,13748864.79,6096893.59,0.0,49921203.33,158664035.37,3591400.13,0.0,0.0,150183549.25,0,0.0,249628276.36,344847053.88,491744.8,10090837.75,0.0,-5793111.8,0.0,42911270.36,16660699.0,0.0,0.0,0.0,41351307.24,0.0,137059647.19,0.0,0.0,0,0.0,0.0,0.0,0.0,200515711.66,0.0,0.0,0.0,9170722.48,0.0,0.0,0.0,0.0,0.0,0.0,0.0,423220604.0,0.0,0.0,191246395.87,0.0,7738318.66,8920559.3,0.0,47464360.11,26395493.69,3704148989.37,745260159.67,774389267.0,1774236574.19,3704148989.37,1929912415.18,2958888829.7,1155523148.18,39928540.08,8968144.37,1724315370.86,0.0,32830000.0,0.0,0.0,0.0,761462221.76,0.0,35145433.68,0.0,-26.9034429011,12.6655023351,0.0,0.0,0.0,0.0,0.0,0.0,0.0,0.0,0.0,0.0,0.0,0.0,0.0,0.0,0.0,0.0,0.0,0.2583365992,-97.6218777306,0.0,-30.3367665185,-8.4884985868,0.0,0.0,0.0,0.0,0.0,0.0,0.0,-4.9851135796,12.0002460951,-21.9570264476,0.0,0.0,0.0,0.0,0.0,0.0,0.0,0.0,0.0,0.0,0.0,0.0,464.43069,0.0,50.51311457,0.0,0.0,0.0,0.0,0.0,0.0,0.0,0.0,0.0,0.0,-1.1988715338,0.0,0.0,0.0,0.0,22.8010427377,0.0,27.9219798128,0.0,0.0,0.0,0.0,0.0,0.0,0.0,0.0,-3.8546639797,0.0,140.313743138,-83.8229906126,0.0,11.6095408444,-33.0534081626,0.0,0.0,0.0,-18.1596402707,0.0,0.0,-26.7591651767,14.7944386541,0.0,207.647492378,0.0,-44.3623379799,0.0,19.8453169025,79.2070872573,0.0,0.0,0.0,272.5148525062,0.0,14.8268951456,0.0,0.0,0.0,0.0,0.0,0.0,0.0,3.8892366146,0.0,0.0,0.0,24.8925400021,0.0,0.0,0.0,0.0,0.0,0.0,0.0,0.0,0.0,0.0,55.3420703424,0.0,-3.5140292106,-4.5320249835,0.0,6.5631819949,14.0214968701,1.128385199,-3.3107606037,-7.4734544273,7.0647874503,1.128385199,-3.7765310813,2.3114947277,-1.1291087895,-18.3931819,-52.8299704887,6.9387172864,556.6,0.0,0.0,0.0,0.0,16.8416450688,0.0,43.5630196873,0,0.0,0
603291.SH,603291,联合水务,10000156123,通用,2024-03-31 00:00:00,一季报,2024一季报,058001001,2024-04-29 00:00:00,2024-04-29 00:00:00,CNY,0.0,260927636.58,332275846.27,0.0,0.0,0.0,0.0,0.0,0.0,0.0,0.0,0.0,0.0,-0.01,0.0,0.0,0.0,0.0,0.0,0.0,490222978.13,46979201.5,0.0,74325037.83,75881555.91,0.0,0.0,0,0.0,0,0.0,184131183.85,0.0,38419489.19,42900630.23,0.0,0.0,0.0,0.0,0.0,0.0,0.0,0,0.0,0.0,0.0,0.0,1743236.21,680565988.5,0.0,0.0,0.0,0.0,0.0,0.0,0.0,0.0,32151221.76,12294811.4,0.0,2044188890.13,0.0,0.0,0.0,0.0,37911915.05,0.0,24142365.8,0.0,0.0,0.0,0.0,0.0,0.0,0.0,0.0,533868848.68,2401466.2,11893044.98,6025689.38,0.0,50226901.74,136035527.61,4327255.78,0.0,0.0,152516037.87,0,0.0,261219420.58,339304449.75,291784.0,7028603.48,0.0,-3848266.57,0.0,51332979.57,15284779.38,0.0,0.0,0.0,41726279.32,0.0,137668343.44,0.0,0.0,0,0.0,0.0,0.0,0.0,196249113.21,0.0,0.0,0.0,5278840.69,0.0,0.0,0.0,0.0,0.0,0.0,0.0,423220604.0,0.0,0.0,151264909.09,0.0,7322696.53,5288056.81,0.0,47464360.11,43185314.12,3659923992.66,756436471.93,748430244.44,1790131796.82,3659923992.67,1869792195.85,2903487520.74,1121361951.41,31495359.28,11458674.1,1739904895.08,0.0,62567333.58,0.0,0.0,0.0,775522522.88,0.0,33688937.74,0.0,-14.5963766909,15.3149194955,0.0,0.0,0.0,0.0,0.0,0.0,0.0,0.0,0.0,0.0,0.0,0.0,0.0,0.0,0.0,0.0,0.0,0.3880060796,-62.8761020752,0.0,-17.935455395,1.3836903713,0.0,0.0,0.0,0.0,0.0,0.0,0.0,-4.763925583,14.2809377303,-18.6011962039,0.0,0.0,0.0,0.0,0.0,0.0,0.0,0.0,0.0,0.0,0.0,0.0,-59.4596230233,0.0,33.3119695443,0.0,0.0,0.0,0.0,0.0,0.0,0.0,0.0,0.0,0.0,-1.9307189294,0.0,0.0,0.0,0.0,22.8875756048,0.0,21.5406886093,0.0,0.0,0.0,0.0,0.0,0.0,0.0,0.0,-11.6016869898,0.0,121.4845462075,-71.4769542473,0.0,15.9538452475,-62.4540111921,0.0,0.0,0.0,-27.7544346496,0.0,0.0,-14.5008735424,16.5808585993,0.0,142.3656372414,0.0,17.6649061756,0.0,73.7260764172,66.2868924205,0.0,0.0,0.0,653.2004871254,0.0,10.1245072998,0.0,0.0,0.0,0.0,0.0,0.0,0.0,2.0120139527,0.0,0.0,0.0,-45.6265279842,0.0,0.0,0.0,0.0,0.0,0.0,0.0,0.0,0.0,0.0,-10.8363985669,0.0,14.2005221917,-6.8988943982,0.0,6.5631819949,143.7171984419,-0.9144395191,-14.0823789725,-14.0441310603,9.5988271736,-0.9144395188,-9.2488621178,3.2064889689,-5.7391264612,-51.3233320214,-59.336541421,9.4257013497,3475.2762045714,0.0,0.0,0.0,0.0,22.6694696981,0.0,28.8812740281,0,0.0,0
603291.SH,603291,联合水务,10000156123,通用,2023-12-31 00:00:00,年报,2023年报,058001001,2024-04-29 00:00:00,2025-04-25 00:00:00,CNY,0.0,310095680.32,314888681.32,0.0,0.0,0.0,0.0,0.0,0.0,0.0,0.0,0.0,0.0,0.0,0.0,0.0,0.0,0.0,0.0,0.0,490222978.13,44160448.34,0.0,73555884.77,80244840.81,0.0,0.0,0,0.0,0,0.0,187289093.46,0.0,38905140.52,43211801.33,0.0,0.0,0.0,0.0,0.0,0.0,0.0,0,0.0,0.0,0.0,0.0,3490687.38,693871588.39,0.0,0.0,0.0,0.0,0.0,0.0,0.0,0.0,32151221.76,12294811.4,0.0,2064488092.88,0.0,0.0,0.0,0.0,38013943.63,0.0,16714787.8,0.0,0.0,0.0,0.0,0.0,0.0,0.0,0.0,525902887.85,2401466.2,8561011.59,5955385.56,0.0,49024726.33,182500355.7,3628137.89,0.0,0.0,149662073.9,0,0.0,310095680.32,322049101.11,0.0,7160419.79,0.0,-4141012.72,0.0,39050733.89,15478923.42,0.0,0.0,0.0,36870094.73,0.0,139581995.12,0.0,0.0,0,0.0,0.0,0.0,0.0,195254410.73,0.0,0.0,0.0,3683425.0,0.0,0.0,0.0,0.0,0.0,0.0,0.0,423220604.0,0.0,0.0,115961933.66,0.0,7431566.8,15819737.43,0.0,47464360.11,36667564.59,3635143272.14,721268051.78,769676299.62,1755110530.03,3635143272.14,1880032742.11,2913875220.36,1110356442.49,33450734.09,10327227.07,1706085803.7,0.0,12817333.58,0.0,0.0,0.0,741887307.38,0.0,21063458.35,0.0,-7.6301763818,0.2462002327,0.0,0.0,0.0,0.0,0.0,0.0,0.0,0.0,0.0,0.0,0.0,0.0,0.0,0.0,0.0,0.0,0.0,47.838636229,-59.1256757439,0.0,-5.7981978195,6.5813892295,0.0,0.0,0.0,0.0,0.0,0.0,0.0,-3.6450092975,19.4162520299,-16.9734873651,0.0,0.0,0.0,0.0,0.0,0.0,0.0,0.0,0.0,0.0,0.0,0.0,51.7690165217,0.0,36.9542318056,0.0,0.0,0.0,0.0,0.0,0.0,0.0,0.0,0.0,0.0,0.0082723716,0.0,0.0,0.0,0.0,38.3881271088,0.0,-19.9515189019,0.0,0.0,0.0,0.0,0.0,0.0,0.0,0.0,-7.7744492481,-22.4250058991,49.7957948904,0.0,0.0,10.3388246961,12.4074864138,0.0,0.0,0.0,-34.5284662647,0.0,0.0,-7.7425712054,1.8448733921,0.0,240.9723709524,0.0,-15.9832444303,0.0,15.8610011743,20.4944465463,0.0,0.0,0.0,-37.4608498441,0.0,10.1326950868,0.0,0.0,0.0,0.0,0.0,0.0,0.0,2.4322025425,0.0,0.0,0.0,-18.1264339821,0.0,0.0,0.0,0.0,0.0,0.0,0.0,11.1111112861,0.0,0.0,-26.6589027762,0.0,29.8221349147,1.9816832648,0.0,6.5631819949,5.4034157955,4.1437942602,5.0765020605,-15.7694755156,23.7090643502,4.1437942602,-9.2544723234,3.9154732028,-4.1134621566,-16.8274583542,-63.0419583141,24.1413208264,653.9607988235,0.0,0.0,0.0,0.0,20.6080722223,0.0,-24.3154255169,标准无保留意见,0.0,0
603291.SH,603291,联合水务,10000156123,通用,2023-09-30 00:00:00,三季报,2023三季报,058001001,2023-10-30 00:00:00,2023-10-30 00:00:00,CNY,0.0,310926736.7,340033454.69,0.0,0.0,0.0,0.0,0.0,0.0,0.0,0.0,0.0,0.0,0.0,0.0,0.0,0.0,0.0,0.0,0.0,489591397.05,100600157.22,0.0,82072269.97,92190315.94,0.0,0.0,0,0.0,0,0.0,187139116.27,0.0,35844698.23,52976324.51,0.0,0.0,0.0,0.0,0.0,0.0,0.0,0,0.0,0.0,0.0,0.0,2000000.0,646885731.87,0.0,0.0,0.0,0.0,0.0,0.0,0.0,0.0,32151221.76,12294811.4,0.0,2041876005.34,0.0,0.0,0.0,0.0,36123743.51,0.0,17910479.96,0.0,0.01,0.0,0.0,0.0,0.0,0.0,0.0,575745357.59,2401466.2,6064864.99,41120517.04,0.0,45686524.25,98144601.42,0.0,0.01,0.0,152030856.91,0,0.0,310926736.7,343552887.09,0.0,3519432.4,0.0,-4090805.43,0.0,34678241.79,11736542.4,0.0,0.0,0.0,558348.86,0.0,136736566.64,0.0,0.0,0,0.0,0.0,0.0,0.0,193001632.62,0.0,0.0,0.0,4020300.87,0.0,0.0,0.0,0.0,0.0,0.0,0.0,423220604.0,0.0,0.0,130098069.44,0.0,6524339.27,13190626.9,0.0,44541049.94,17610352.92,3648673328.14,752814188.01,784473288.11,1698289096.23,3648673328.14,1950384231.91,2895859140.13,1165910943.79,44394975.5,20360921.6,1652602571.98,0.0,99710000.0,0.0,0.0,0.0,692815987.15,0.0,22908816.57,0.0,0.0,0.0,0.0,0.0,0.0,0.0,0.0,0.0,0.0,0.0,0.0,0.0,0.0,0.0,0.0,0.0,0.0,0.0,0.0,0.0,0.0,0.0,0.0,0.0,0.0,0.0,0.0,0.0,0.0,0.0,0.0,0.0,0.0,0.0,0.0,0.0,0.0,0.0,0.0,0.0,0.0,0.0,0.0,0.0,0.0,0.0,0.0,0.0,0.0,0.0,0.0,0.0,0.0,0.0,0.0,0.0,0.0,0.0,0.0,0.0,0.0,0.0,0.0,0.0,0.0,0.0,0.0,0.0,0.0,0.0,0.0,0.0,0.0,0.0,0.0,0.0,0.0,0.0,0.0,0.0,0.0,0.0,0.0,0.0,0.0,0.0,0.0,0.0,0.0,0.0,0.0,0.0,0.0,0.0,0.0,0.0,0.0,0.0,0.0,0.0,0.0,0.0,0.0,0.0,0.0,0.0,0.0,0.0,0.0,0.0,0.0,0.0,0.0,0.0,0.0,0.0,0.0,0.0,0.0,0.0,0.0,0.0,0.0,0.0,0.0,0.0,0.0,0.0,0.0,0.0,0.0,0.0,0.0,0.0,0.0,0.0,0.0,0.0,0.0,0.0,0.0,0.0,0.0,0.0,0.0,0.0,0.0,0.0,0.0,0.0,0.0,0,0.0,0
603291.SH,603291,联合水务,10000156123,通用,2023-06-30 00:00:00,中报,2023中报,058001001,2023-08-30 00:00:00,2023-08-30 00:00:00,CNY,0.0,340832101.33,297123972.46,0.0,0.0,0.0,0.0,0.0,0.0,0.0,0.0,0.0,0.0,0.0,0.0,0.0,0.0,0.0,0.0,0.0,488959815.97,216699869.74,0.0,102960998.17,86471034.6,0.0,0.0,0,0.0,0,0.0,190302350.96,0.0,36226805.98,51525427.53,0.0,0.0,0.0,0.0,0.0,4148272.86,0.0,0,0.0,0.0,0.0,0.0,500000.0,499211924.58,0.0,0.0,0.0,0.0,0.0,0.0,0.0,0.0,32151221.76,12294811.4,0.0,2060909622.38,0.0,243217.33,0.0,0.0,30600878.04,0.0,18866055.22,0.0,0.0,0.0,0.0,0.0,0.0,0.0,0.0,593252857.59,2401466.2,5721214.53,37688632.33,0.0,44728437.15,237000915.23,0.0,0.0,0.0,183507929.03,0,0.0,340832101.33,300403972.46,0.0,3280000.0,0.0,-4012896.91,0.0,35805546.24,9296897.38,0.0,0.0,0.0,11100579.47,0.0,119361972.66,0.0,0.0,0,0.0,0.0,0.0,0.0,193009129.91,0.0,0.0,0.0,7342890.52,0.0,0.0,0.0,0.0,0.0,0.0,0.0,423220604.0,0.0,0.0,123113072.62,0.0,8020149.04,9344033.22,0.0,44541049.94,23149576.54,3662818289.92,770778800.54,836937402.35,1657161627.5,3662818289.92,2005656662.42,2892039489.38,1168719260.07,48927946.23,19012378.12,1612433190.35,0.0,5000000.0,0.0,0.0,0.0,651704468.31,0.0,24480840.37,0.0,18.4564134287,14.4836172215,0.0,0.0,0.0,0.0,0.0,0.0,0.0,0.0,0.0,0.0,0.0,0.0,0.0,0.0,0.0,0.0,0.0,47.9654934941,118.2165603096,0.0,27.6715382634,24.5492467864,0.0,0.0,0.0,0.0,0.0,0.0,0.0,8.168085009,26.0158834662,1.9507830496,0.0,0.0,0.0,0.0,0.0,0.0,0.0,0.0,0.0,0.0,0.0,0.0,-37.5,0.0,3.8862210037,0.0,0.0,0.0,0.0,0.0,0.0,0.0,0.0,-18.7119907438,0.0,2.2271707522,0.0,0.0,0.0,0.0,-0.4348049667,0.0,-21.2603349097,0.0,0.0,0.0,0.0,0.0,0.0,0.0,0.0,-2.2374355656,-91.5926872009,24.1912393315,0.0,0.0,12.2613189014,99.7222181503,0.0,0.0,0.0,-8.8296070866,0.0,0.0,18.3403870809,14.3215618187,0.0,1.328390485,0.0,-81.6614904261,0.0,32.5959902482,-16.4615090119,0.0,0.0,0.0,-52.0203449069,0.0,-4.1845172813,0.0,0.0,0.0,0.0,0.0,0.0,0.0,0.2959008627,0.0,0.0,0.0,23.3094418106,0.0,0.0,0.0,0.0,0.0,0.0,0.0,11.1111112861,0.0,0.0,58.3715385079,0.0,42.3183048913,13.9563438165,0.0,26.7323246412,-5.6429903708,11.4969576149,28.0385170167,11.8019461249,24.2530729507,11.4969576149,2.7788295448,7.785688427,-2.8367185902,-7.9393950546,-25.4538318549,24.6223484535,-71.8468468468,0.0,0.0,0.0,0.0,19.8141232075,0.0,-20.5071459277,0,0.0,0
603291.SH,603291,联合水务,10000156123,通用,2023-03-31 00:00:00,一季报,2023一季报,058001001,2023-04-26 00:00:00,2023-04-26 00:00:00,CNY,0.0,305522911.64,288146449.5,0.0,0.0,0.0,0.0,0.0,0.0,0.0,0.0,0.0,0.0,0.0,0.0,0.0,0.0,0.0,0.0,0.0,488328234.89,126547060.32,0.0,90569000.52,74845920.12,0.0,0.0,0,0.0,0,0.0,193341845.49,0.0,33618458.12,52704251.45,0.0,0.0,0.0,0.0,0.0,0.0,0.0,0,0.0,0.0,0.0,0.0,4300000.0,510506288.99,0.0,0.0,0.0,0.0,0.0,0.0,0.0,0.0,32151221.76,12294811.4,0.0,2084433441.15,0.0,0.0,0.0,0.0,30850893.48,0.0,19863607.88,0.0,0.0,0.0,0.0,0.0,0.0,0.0,0.0,603935562.23,2401466.2,5369695.17,21125687.04,0.0,43316288.16,362317072.82,0.0,0.0,0.0,211107819.74,0,0.0,305522911.64,291046449.5,0.0,2900000.0,0.0,-4673908.04,0.0,29548229.39,9191812.51,0.0,0.0,0.0,5539863.56,0.0,125011540.86,0.0,0.0,0,0.0,0.0,0.0,0.0,192378432.31,0.0,0.0,0.0,9708485.58,0.0,0.0,0.0,0.0,0.0,0.0,0.0,423220604.0,0.0,0.0,169648720.62,0.0,6412139.27,5679907.64,0.0,44541049.94,17719436.46,3693700651.13,880420643.5,870714534.88,1633349409.83,3693700651.13,2060351241.3,2813280007.63,1189636706.42,64703194.75,28179290.45,1590033121.67,0.0,1750000.0,0.0,0.0,0.0,632205001.61,0.0,26139513.28,0.0,0.0,0.0,0.0,0.0,0.0,0.0,0.0,0.0,0.0,0.0,0.0,0.0,0.0,0.0,0.0,0.0,0.0,0.0,0.0,0.0,0.0,0.0,0.0,0.0,0.0,0.0,0.0,0.0,0.0,0.0,0.0,0.0,0.0,0.0,0.0,0.0,0.0,0.0,0.0,0.0,0.0,0.0,0.0,0.0,0.0,0.0,0.0,0.0,0.0,0.0,0.0,0.0,0.0,0.0,0.0,0.0,0.0,0.0,0.0,0.0,0.0,0.0,0.0,0.0,0.0,0.0,0.0,0.0,0.0,0.0,0.0,0.0,0.0,0.0,0.0,0.0,0.0,0.0,0.0,0.0,0.0,0.0,0.0,0.0,0.0,0.0,0.0,0.0,0.0,0.0,0.0,0.0,0.0,0.0,0.0,0.0,0.0,0.0,0.0,0.0,0.0,0.0,0.0,0.0,0.0,0.0,0.0,0.0,0.0,0.0,0.0,0.0,0.0,0.0,0.0,0.0,0.0,0.0,0.0,0.0,0.0,0.0,0.0,0.0,0.0,0.0,0.0,0.0,0.0,0.0,0.0,0.0,0.0,0.0,0.0,0.0,0.0,0.0,0.0,0.0,0.0,0.0,0.0,0.0,0.0,0.0,0.0,0.0,0.0,0.0,0.0,0,0.0,0
603291.SH,603291,联合水务,10000156123,通用,2022-12-31 00:00:00,年报,2022年报,058001001,2023-02-16 00:00:00,2024-04-29 00:00:00,CNY,0.0,335711023.55,314115328.65,0.0,0.0,0.0,0.0,0.0,0.0,0.0,0.0,0.0,0.0,0.0,0.0,0.0,0.0,0.0,0.0,0.0,331593276.72,108039580.21,0.0,78083309.52,75289730.59,0.0,0.0,0,0.0,0,0.0,194374045.49,0.0,32579435.26,52045786.29,0.0,0.0,0.0,0.0,0.0,0.0,0.0,0,0.0,0.0,0.0,0.0,2300000.0,506644869.05,0.0,0.0,0.0,0.0,0.0,0.0,0.0,0.0,32151221.76,12294811.4,0.0,2064317324.88,0.0,0.0,0.0,0.0,27469078.76,0.0,20880830.68,0.0,0.0,0.0,0.0,0.0,0.0,0.0,0.0,570235562.23,3095670.49,5715121.44,0.0,0.0,44431075.34,162356050.76,0.0,0.0,0.0,228591061.43,0,0.0,336120011.55,316215328.65,408988.0,2100000.0,0.0,-3570354.27,0.0,33704813.09,12846171.64,0.0,0.0,0.0,58955221.87,0.0,126739834.17,0.0,0.0,0,0.0,0.0,0.0,0.0,190618190.26,0.0,0.0,0.0,4498918.49,0.0,0.0,0.0,0.0,0.0,0.0,0.0,380898543.0,0.0,0.0,158113169.9,0.0,5724421.96,15512332.14,0.0,44541049.94,34787833.31,3490503969.02,686421833.27,913773604.44,1418740444.97,3490503969.02,2071763524.05,2804082135.75,1157989919.61,40218482.48,27943112.24,1374309369.63,0.0,1700000.0,0.0,0.0,0.0,615122432.28,0.0,27830583.04,0.0,11.8215362383,29.5546798098,0.0,0.0,0.0,0.0,0.0,0.0,0.0,0.0,0.0,0.0,0.0,0.0,0.0,0.0,0.0,0.0,0.0,0.653464104,28.123734297,0.0,18.873412549,8.129296183,0.0,0.0,0.0,0.0,0.0,0.0,0.0,0.2385281386,29.2390149815,4.6352135586,0.0,0.0,0.0,0.0,0.0,0.0,0.0,0.0,0.0,0.0,0.0,0.0,50.3267973856,0.0,-3.806807316,0.0,0.0,0.0,0.0,0.0,0.0,0.0,0.0,0.0,0.0,3.5643485243,0.0,0.0,0.0,0.0,17.372607766,0.0,-23.0472203439,0.0,0.0,0.0,0.0,0.0,0.0,0.0,0.0,1.9281289946,-94.3782157195,10.0921424105,0.0,0.0,35.9165247963,27.389480473,0.0,0.0,0.0,15.6745922611,0.0,0.0,11.9577655047,28.6695379742,0.0,-36.3636363636,0.0,-164.3654555075,0.0,27.7917425044,45.3793810821,0.0,0.0,0.0,236.2140408739,0.0,9.0298702828,0.0,0.0,0.0,0.0,0.0,0.0,0.0,-0.0041001541,0.0,0.0,0.0,-0.6038211853,0.0,0.0,0.0,0.0,0.0,0.0,0.0,0.0,0.0,0.0,192.4656986685,0.0,3.6036966252,10.9652084029,0.0,26.7323246412,-14.6089198559,8.8508233041,31.9017470448,23.9210746459,11.0879624791,8.8508233041,7.3701060036,4.3852494367,-2.8670357557,-23.1017218115,23.2213941072,10.4357467023,-43.3333333333,0.0,0.0,0.0,0.0,24.3216788088,0.0,-18.283027221,标准无保留意见,0.0,0
603291.SH,603291,联合水务,10000156123,通用,2022-06-30 00:00:00,中报,2022中报,058001001,2023-02-16 00:00:00,2023-02-16 00:00:00,CNY,0.0,287727858.26,259534053.58,0.0,0.0,0.0,0.0,0.0,0.0,0.0,0.0,0.0,0.0,0.0,0.0,0.0,0.0,0.0,0.0,0.0,330455300.37,99304960.83,0.0,80645224.12,69427183.89,0.0,0.0,0,0.0,0,0.0,175932069.93,0.0,28747809.39,50539511.31,0.0,0.0,0.0,0.0,0.0,0.0,0.0,0,0.0,0.0,0.0,0.0,800000.0,480537187.47,0.0,0.0,0.0,0.0,0.0,0.0,0.0,0.0,32151221.76,15125000.0,0.0,2016009645.2,0.0,0.0,0.0,0.0,30734513.23,0.0,23960039.96,0.0,0.0,0.0,0.0,0.0,0.0,0.0,0.0,606830294.42,28564016.32,4606777.87,0.0,0.0,39843142.4,118665272.91,0.0,0.0,0.0,201280177.88,0,0.0,288009959.86,262771053.58,282101.6,3237000.0,0.0,-2208997.02,0.0,27003490.96,11128878.76,0.0,0.0,0.0,23136013.48,0.0,124574827.86,0.0,0.0,0,0.0,0.0,0.0,0.0,192439699.18,0.0,0.0,0.0,5954848.56,0.0,0.0,0.0,0.0,0.0,0.0,0.0,380898543.0,0.0,0.0,77736867.23,0.0,5635360.15,8199660.42,0.0,35145768.9,24534029.46,3285128462.94,601989790.65,748589296.84,1333698707.12,3285128462.94,1951429755.82,2683138672.29,1202840458.98,53147539.34,25504165.53,1293855564.72,0.0,17760000.0,0.0,0.0,0.0,543929589.32,0.0,30796278.05,0.0,56.0314148949,-0.5342264609,0.0,0.0,0.0,0.0,0.0,0.0,0.0,0.0,0.0,0.0,0.0,0.0,0.0,0.0,0.0,0.0,0.0,0.4014475472,193.2238867498,0.0,61.3498249756,-21.293027989,0.0,0.0,0.0,0.0,0.0,0.0,0.0,2.2564209163,57.404944206,3.8572027948,0.0,0.0,0.0,0.0,0.0,0.0,0.0,0.0,0.0,0.0,0.0,0.0,300.0,0.0,-10.3226106754,0.0,0.0,0.0,0.0,0.0,0.0,0.0,0.0,0.0,0.0,3.8811986699,0.0,0.0,0.0,0.0,-2.7462685429,0.0,-15.3151995532,0.0,-100.0,0.0,0.0,0.0,0.0,0.0,0.0,8.1448338506,-69.0234695343,-8.9551597858,0.0,0.0,25.563375195,45.7820453912,0.0,0.0,0.0,4.7155664276,100.0,0.0,42.3428425575,-7.4321848164,-98.4267906935,-85.8897069401,0.0,-63.0256103321,0.0,57.0463457132,-8.2055910324,0.0,0.0,0.0,147.3090985666,0.0,15.5619224076,0.0,0.0,100.0,0.0,0.0,0.0,0.0,2.2131699145,0.0,0.0,0.0,58.1675093628,0.0,0.0,0.0,0.0,0.0,0.0,0.0,1.12891e-05,0.0,0.0,25.617069404,0.0,52.6163886256,-5.0360713417,0.0,81.3189063838,44.6590455132,6.5812141406,19.7709809987,5.8937514918,13.3196186571,6.5812141406,2.4188812642,4.0113379404,0.3691252476,-57.3323244563,10.8019251623,12.9803666159,53.2580274932,0.0,0.0,0.0,0.0,31.5585439518,0.0,-15.8017217621,标准无保留意见,0.0,0
603291.SH,603291,联合水务,10000156123,通用,2021-12-31 00:00:00,年报,2021年报,058001001,2023-02-16 00:00:00,2023-03-24 00:00:00,CNY,0.0,300220364.38,242457724.5,0.0,0.0,0.0,0.0,0.0,0.0,0.0,0.0,0.0,0.0,0.0,0.0,0.0,0.0,0.0,0.0,0.0,329440501.3,84324407.81,0.0,65686100.74,69629354.16,0.0,0.0,0,0.0,0,0.0,193911511.97,0.0,25208668.81,49740220.83,0.0,0.0,0.0,0.0,0.0,0.0,0.0,0,0.0,0.0,0.0,0.0,1530000.0,526695138.1,0.0,0.0,0.0,0.0,0.0,0.0,0.0,0.0,0.0,0.0,0.0,1993270226.96,0.0,0.0,0.0,0.0,23403312.99,0.0,27134602.25,0.0,0.0,0.0,0.0,0.0,0.0,0.0,0.0,559448670.21,55065622.15,5191216.48,0.0,0.0,32689973.06,127448553.96,0.0,0.0,0.0,197615618.92,0,0.0,300220364.38,245757724.5,0.0,3300000.0,0.0,-1350537.37,0.0,26374797.33,8836309.21,0.0,0.0,0.0,17535026.71,0.0,116243222.01,0.0,0.0,0,0.0,0.0,0.0,0.0,190626006.22,0.0,0.0,0.0,4526248.94,0.0,0.0,0.0,0.0,0.0,0.0,0.0,380898543.0,0.0,0.0,54062124.42,0.0,5525306.67,13979455.69,0.0,35145768.9,40739422.96,3206685868.85,520403898.09,737383537.91,1277132475.3,3206685868.85,1929553393.55,2686281970.76,1192169855.64,52300888.17,22677159.63,1244442502.24,0.0,3000000.0,0.0,0.0,0.0,494782919.74,0.0,34057285.89,0.0,25.2916431367,9.1564560497,0.0,0.0,0.0,0.0,0.0,0.0,0.0,0.0,0.0,0.0,0.0,0.0,0.0,0.0,0.0,0.0,0.0,0.4113292272,-67.0612396494,0.0,30.0149887678,-26.5971615127,0.0,0.0,0.0,0.0,0.0,0.0,0.0,11.4140758747,43.2700507853,427.6336046157,0.0,0.0,0.0,0.0,0.0,0.0,0.0,0.0,0.0,0.0,0.0,0.0,-63.7347656328,0.0,35.0017061841,0.0,0.0,0.0,0.0,0.0,0.0,0.0,0.0,0.0,0.0,32.8767324743,0.0,0.0,0.0,0.0,-17.4615249865,0.0,0.0,0.0,0.0,0.0,0.0,0.0,0.0,0.0,0.0,31.0710452994,-52.8010315944,67.7707812929,0.0,0.0,7.5111591355,-20.0330305367,0.0,0.0,0.0,-8.4755295917,0.0,0.0,25.2916431367,1.5026757022,0.0,-83.5,0.0,-16.4046594259,0.0,89.6860378447,-0.2136745038,0.0,0.0,0.0,-64.0506248642,0.0,8.80990376,0.0,0.0,0.0,0.0,0.0,0.0,0.0,19.1812940798,0.0,0.0,0.0,-38.6994300364,0.0,0.0,0.0,0.0,0.0,0.0,0.0,0.0,0.0,0.0,-23.7382539231,0.0,60.7434322839,15.9288337954,0.0,80.348925525,42.1301017136,16.8327739549,-1.6213814632,0.1784309458,25.842747323,16.8327739549,11.5467237546,21.2385575179,19.9672457675,-19.7968623264,-1.8360286886,26.4089397603,0.0,0.0,0.0,0.0,0.0,95.0241794833,0.0,0.0,标准无保留意见,0.0,0
603291.SH,603291,联合水务,10000156123,通用,2021-06-30 00:00:00,中报,2021中报,058001001,2021-12-21 00:00:00,2021-12-21 00:00:00,CNY,0.0,184403800.0,260928000.0,0.0,0.0,0.0,0.0,0.0,0.0,0.0,0.0,0.0,0.0,0.0,0.0,0.0,0.0,0.0,0.0,0.0,329134000.0,33866600.0,0.0,49981600.0,88209700.0,0.0,0.0,0,0.0,0,0.0,172049900.0,0.0,18263600.0,48662500.0,0.0,0.0,0.0,0.0,0.0,0.0,0.0,0,0.0,0.0,0.0,0.0,200000.0,535851000.0,0.0,0.0,0.0,0.0,0.0,0.0,0.0,0.0,0.0,0.0,0.0,1940687700.0,0.0,0.0,0.0,0.0,31602400.0,0.0,28293200.0,0.0,100.0,0.0,0.0,0.0,0.0,0.0,0.0,561127400.0,92211800.0,5059900.0,0.0,0.0,31731500.0,81399100.0,0.0,0.0,0.0,192216100.0,-100,0.0,202335400.0,283868700.0,17931600.0,22940700.0,0.0,-1355000.0,0.0,17194600.0,12123700.0,0.0,0.0,0.0,9355100.0,0.0,107799200.0,0.0,0.0,-100,0.0,0.0,0.0,0.0,188272900.0,0.0,0.0,0.0,3764900.0,0.0,0.0,0.0,0.0,0.0,0.0,0.0,380898500.0,0.0,0.0,61884000.0,0.0,3692500.0,8634500.0,0.0,19383400.0,16959900.0,3082277200.0,502617400.0,706924900.0,1176935400.0,3082277200.0,1905341800.0,2579659800.0,1198416800.0,124561600.0,23017800.0,1145203900.0,0.0,11588300.0,0.0,0.0,0.0,413450600.0,0.0,36575900.0,0.0,0.0,0.0,0.0,0.0,0.0,0.0,0.0,0.0,0.0,0.0,0.0,0.0,0.0,0.0,0.0,0.0,0.0,0.0,0.0,0.0,0.0,0.0,0.0,0.0,0.0,0.0,0.0,0.0,0.0,0.0,0.0,0.0,0.0,0.0,0.0,0.0,0.0,0.0,0.0,0.0,0.0,0.0,0.0,0.0,0.0,0.0,0.0,0.0,0.0,0.0,0.0,0.0,0.0,0.0,0.0,0.0,0.0,0.0,0.0,0.0,0.0,0.0,0.0,0.0,0.0,0.0,0.0,0.0,0.0,0.0,0.0,0.0,0.0,0.0,0.0,0.0,0.0,0.0,0.0,0.0,0.0,0.0,0.0,0.0,0.0,0.0,0.0,0.0,0.0,0.0,0.0,0.0,0.0,0.0,0.0,0.0,0.0,0.0,0.0,0.0,0.0,0.0,0.0,0.0,0.0,0.0,0.0,0.0,0.0,0.0,0.0,0.0,0.0,0.0,0.0,0.0,0.0,0.0,0.0,0.0,0.0,0.0,0.0,0.0,0.0,0.0,0.0,0.0,0.0,0.0,0.0,0.0,0.0,0.0,0.0,0.0,0.0,0.0,0.0,0.0,0.0,0.0,0.0,0.0,0.0,0.0,0.0,0.0,0.0,0.0,0.0,标准无保留意见,0.0,0
603291.SH,603291,联合水务,10000156123,通用,2020-12-31 00:00:00,年报,2020年报,058001001,2021-07-01 00:00:00,2023-02-16 00:00:00,CNY,0.0,239617229.74,222119454.29,0.0,0.0,0.0,0.0,0.0,0.0,0.0,0.0,0.0,0.0,0.0,0.0,0.0,0.0,0.0,0.0,0.0,328090967.26,256003586.39,0.0,50521944.71,94859211.98,0.0,0.0,0,0.0,0,0.0,174045793.09,0.0,17595211.75,9427038.08,0.0,0.0,0.0,0.0,0.0,0.0,0.0,0,0.0,0.0,0.0,0.0,4218916.62,390139616.0,0.0,0.0,0.0,0.0,0.0,0.0,0.0,0.0,0.0,0.0,0.0,1500089737.19,0.0,0.0,0.0,0.0,28354428.63,0.0,0.0,0.0,0.0,0.0,0.0,0.0,0.0,0.0,0.0,426828571.43,116667003.56,3094231.57,0.0,0.0,30406120.93,159376496.09,0.0,0.0,0.0,215915610.37,0,0.0,239617229.74,242119454.29,0.0,20000000.0,0.0,-1160209.03,0.0,13904448.44,8855230.58,0.0,0.0,0.0,48777000.0,0.0,106831472.13,0.0,0.0,0,0.0,0.0,0.0,0.0,159946246.34,0.0,0.0,0.0,7383697.97,0.0,0.0,0.0,0.0,0.0,0.0,0.0,380898543.0,0.0,0.0,70890226.36,0.0,3437345.21,12058652.91,0.0,19487650.84,28663472.74,2744680075.89,528980692.99,736070160.96,1014863790.3,2744680075.89,1729816285.59,2215699382.9,993746124.63,65210526.28,23101306.24,984457669.37,0.0,0.0,0.0,0.0,0.0,253703372.09,0.0,0.0,0.0,49.5578679055,34.3986207064,0.0,0.0,0.0,0.0,0.0,0.0,0.0,0.0,0.0,0.0,0.0,0.0,0.0,0.0,0.0,0.0,0.0,1361.7625907642,63.8230110198,0.0,0.0,0.0,0.0,0.0,0.0,0.0,0.0,0.0,0.0,-36.5731344042,38.0603695759,5.8105953994,0.0,0.0,0.0,0.0,0.0,0.0,0.0,0.0,0.0,0.0,0.0,0.0,-65.4187162295,0.0,-1.6550611235,0.0,0.0,0.0,0.0,0.0,0.0,0.0,0.0,0.0,0.0,2.7253774943,0.0,0.0,0.0,0.0,-51.4696570792,0.0,0.0,0.0,0.0,0.0,0.0,0.0,0.0,0.0,0.0,2.9067594769,-24.3714405598,22.3188943984,0.0,0.0,-54.7865448095,-21.932631169,0.0,0.0,0.0,26.3326681601,0.0,0.0,49.5578679055,46.5000929647,0.0,0.0,0.0,-350.9734354148,0.0,18.922990845,0.0,0.0,0.0,0.0,1945.1778131101,0.0,0.0,0.0,0.0,0.0,0.0,0.0,0.0,0.0,2.9570899281,0.0,0.0,0.0,29.7447982007,0.0,0.0,0.0,0.0,0.0,0.0,0.0,6.2478501736,0.0,0.0,101.2063671397,0.0,71.8070790573,15.6649858047,0.0,-68.5786972365,16.7871132525,7.0385184934,-0.8051370647,10.8847248314,13.6870521078,7.0385184934,3.4878351611,9.0980831816,-1.3848122678,-66.9098876603,-5.2973571094,19.2657812242,0.0,0.0,0.0,0.0,0.0,-33.3627340669,0.0,0.0,标准无保留意见,0.0,0
603291.SH,603291,联合水务,10000156123,通用,2019-12-31 00:00:00,年报,2019年报,058001001,2021-07-01 00:00:00,2023-02-16 00:00:00,CNY,0.0,160217067.21,165269147.2,0.0,65417262.1,0.0,0.0,0.0,0.0,0.0,0.0,0.0,0.0,0.0,0.0,0.0,0.0,0.0,0.0,0.0,22444887.38,156268392.82,0.0,0.0,0.0,0.0,0.0,0,0.0,0,0.0,274403900.39,0.0,12744578.19,8909351.7,0.0,0.0,0.0,0.0,0.0,0.0,0.0,0,0.0,0.0,0.0,0.0,12200000.0,396705331.72,0.0,0.0,0.0,0.0,0.0,0.0,0.0,0.0,0.0,0.0,0.0,1460291287.1,0.0,0.0,0.0,0.0,58426186.43,0.0,0.0,0.0,0.0,0.0,0.0,0.0,0.0,0.0,0.0,414772142.86,154263157.23,2529643.18,0.0,0.0,67250159.94,204152514.01,0.0,0.0,0.0,170910354.0,0,0.0,160217067.21,165269147.2,0.0,0.0,0.0,-257267.71,0.0,11691976.75,0.0,0.0,0.0,0.0,2384976.0,0.0,0.0,0.0,0.0,0,0.0,0.0,0.0,0.0,155352338.0,0.0,0.0,0.0,5690939.5,0.0,0.0,0.0,0.0,0.0,0.0,0.0,358500000.12,0.0,0.0,35232595.95,0.0,2000700.57,10425499.84,0.0,62020505.6,24543352.38,2564198490.9,533274281.89,663815653.67,892681947.05,2564198490.9,1671516543.85,2030924209.01,1007700890.18,197069522.19,24393518.0,825431787.11,0.0,51450000.0,0.0,0.0,0.0,380722961.15,0.0,0.0,0.0,1.3292623864,3.3376521904,0.0,104.3089125764,0.0,0.0,0.0,0.0,0.0,0.0,0.0,0.0,-100.0,0.0,0.0,0.0,0.0,0.0,0.0,604.5069644371,28.4708895141,0.0,0.0,0.0,0.0,0.0,0.0,0.0,-100.0,0.0,0.0,-0.2392912764,-0.926030691,7.5502082353,0.0,0.0,0.0,0.0,0.0,0.0,0.0,0.0,0.0,0.0,0.0,0.0,0.0,0.0,-4.0802156873,0.0,0.0,0.0,0.0,0.0,0.0,0.0,0.0,0.0,0.0,5.8187996484,0.0,0.0,0.0,0.0,93.6822463369,0.0,0.0,0.0,0.0,0.0,0.0,0.0,0.0,0.0,0.0,-18.4596122168,-1.9431978665,16.9993608066,0.0,0.0,13.7279160191,161.7688948398,0.0,100.0,0.0,8.6870986881,-100.0,0.0,1.3292623864,-0.2487022064,0.0,0.0,0.0,0.0,0.0,-48.9970086067,0.0,0.0,0.0,0.0,-8.1358909175,0.0,0.0,0.0,0.0,-100.0,0.0,0.0,0.0,0.0,14.0142906524,0.0,0.0,0.0,-30.8302704345,0.0,0.0,0.0,0.0,0.0,0.0,0.0,14.7142367951,0.0,0.0,7.3742215714,0.0,88.7987704067,42.0987329626,0.0,23.7731660686,4.1556960801,4.9199855096,4.3335598711,26.772012209,6.9422519389,4.9199855096,3.8710001345,5.075067271,-7.1751603104,82.5447977246,-86.0459119961,6.4249064286,0.0,0.0,0.0,0.0,0.0,-6.8523469615,0.0,0.0,标准无保留意见,0.0,0
603291.SH,603291,联合水务,10000156123,通用,2018-12-31 00:00:00,年报,2018年报,058001001,2021-07-01 00:00:00,2021-12-21 00:00:00,CNY,0.0,158115300.0,159931200.0,0.0,32018800.0,0.0,0.0,0.0,0.0,0.0,0.0,0.0,0.0,100.0,0.0,0.0,0.0,0.0,0.0,0.0,3185900.0,121637200.0,0.0,0.0,0.0,0.0,0.0,0,0.0,100,0.0,275062100.0,0.0,12863700.0,8283900.0,0.0,0.0,0.0,0.0,0.0,0.0,0.0,0,0.0,0.0,0.0,0.0,0.0,413580300.0,0.0,0.0,0.0,0.0,0.0,0.0,0.0,0.0,31323300.0,4574800.0,0.0,1379992300.0,0.0,0.0,0.0,0.0,30166000.0,0.0,0.0,0.0,0.0,0.0,0.0,0.0,0.0,0.0,0.0,508670800.0,157320200.0,2162100.0,0.0,0.0,59132500.0,77989600.0,0.0,-100.0,0.0,157249900.0,100,0.0,158115300.0,165681200.0,0.0,5750000.0,0.0,0.0,0.0,22924100.0,0.0,0.0,0.0,0.0,2596200.0,0.0,0.0,0.0,0.0,100,0.0,0.0,0.0,0.0,136256900.0,0.0,0.0,0.0,8227500.0,0.0,0.0,0.0,0.0,0.0,0.0,0.0,312515700.0,0.0,0.0,32812900.0,0.0,1059700.0,7336800.0,0.0,50108200.0,23564100.0,2443956200.0,511124400.0,523629500.0,834732700.0,2443956200.0,1609223500.0,1932831700.0,1085594000.0,107956800.0,174812700.0,775600200.0,0.0,0.0,0.0,0.0,0.0,408730600.0,0.0,0.0,0.0,0.0,0.0,0.0,0.0,0.0,0.0,0.0,0.0,0.0,0.0,0.0,0.0,0.0,0.0,0.0,0.0,0.0,0.0,0.0,0.0,0.0,0.0,0.0,0.0,0.0,0.0,0.0,0.0,0.0,0.0,0.0,0.0,0.0,0.0,0.0,0.0,0.0,0.0,0.0,0.0,0.0,0.0,0.0,0.0,0.0,0.0,0.0,0.0,0.0,0.0,0.0,0.0,0.0,0.0,0.0,0.0,0.0,0.0,0.0,0.0,0.0,0.0,0.0,0.0,0.0,0.0,0.0,0.0,0.0,0.0,0.0,0.0,0.0,0.0,0.0,0.0,0.0,0.0,0.0,0.0,0.0,0.0,0.0,0.0,0.0,0.0,0.0,0.0,0.0,0.0,0.0,0.0,0.0,0.0,0.0,0.0,0.0,0.0,0.0,0.0,0.0,0.0,0.0,0.0,0.0,0.0,0.0,0.0,0.0,0.0,0.0,0.0,0.0,0.0,0.0,0.0,0.0,0.0,0.0,0.0,0.0,0.0,0.0,0.0,0.0,0.0,0.0,0.0,0.0,0.0,0.0,0.0,0.0,0.0,0.0,0.0,0.0,0.0,0.0,0.0,0.0,0.0,0.0,0.0,0.0,0.0,0.0,0.0,0.0,0.0,0.0,标准无保留意见,0.0,0
