date,open,high,low,close,volume,amount,outstanding_share,turnover
2021-03-26,13.45,16.14,13.45,16.14,727429.0,11708962.0,78000000.0,0.00932601282051282
2021-03-29,17.75,17.75,17.75,17.75,737288.0,13086862.0,78000000.0,0.009452410256410257
2021-03-30,19.53,19.53,19.53,19.53,251476.0,4911326.0,78000000.0,0.003224051282051282
2021-03-31,21.48,21.48,21.48,21.48,1081313.0,23226603.0,78000000.0,0.013862987179487179
2021-04-01,23.63,23.63,23.63,23.63,1251786.0,29579703.0,78000000.0,0.01604853846153846
2021-04-02,25.99,25.99,25.99,25.99,897171.0,23317474.0,78000000.0,0.011502192307692307
2021-04-06,28.59,28.59,28.59,28.59,1021144.0,29194507.0,78000000.0,0.013091589743589744
2021-04-07,31.45,31.45,31.45,31.45,6944999.0,218420219.0,78000000.0,0.08903844871794872
2021-04-08,34.6,34.6,33.0,34.6,18626361.0,643072064.0,78000000.0,0.2387995
2021-04-09,35.0,38.06,34.36,38.06,36405508.0,1347704672.0,78000000.0,0.46673728205128207
2021-04-12,41.87,41.87,40.87,41.87,9558720.0,399821673.0,78000000.0,0.1225476923076923
2021-04-13,45.98,46.06,38.88,39.6,57488839.0,2530243600.0,78000000.0,0.7370363974358974
2021-04-14,35.64,35.64,35.64,35.64,4284100.0,152685324.0,78000000.0,0.054924358974358975
2021-04-15,32.08,38.0,32.08,33.64,42397892.0,1436774679.0,78000000.0,0.5435627179487179
2021-04-16,31.2,31.94,30.28,30.29,32050013.0,987447191.0,78000000.0,0.41089760256410257
2021-04-19,29.49,30.66,28.52,28.96,26114856.0,766250662.0,78000000.0,0.3348058461538462
2021-04-20,29.0,31.36,29.0,30.15,29969314.0,904249590.0,78000000.0,0.38422197435897437
2021-04-21,29.0,29.0,27.18,27.47,25778698.0,718655035.0,78000000.0,0.3304961282051282
2021-04-22,27.2,29.16,26.76,28.45,22164905.0,620576951.0,78000000.0,0.28416544871794874
2021-04-23,28.11,28.2,26.64,26.96,17942386.0,488860868.0,78000000.0,0.23003058974358975
2021-04-26,26.6,26.65,25.41,25.49,15462090.0,400594301.0,78000000.0,0.19823192307692308
2021-04-27,25.21,26.2,25.09,25.21,10746174.0,274879195.0,78000000.0,0.13777146153846154
2021-04-28,25.0,25.85,24.42,25.59,11597849.0,293787896.0,78000000.0,0.1486903717948718
2021-04-29,25.59,27.38,25.11,26.58,20273586.0,539660144.0,78000000.0,0.25991776923076926
2021-04-30,26.38,27.37,25.19,26.68,17097215.0,450528357.0,78000000.0,0.2191950641025641
2021-05-06,26.43,26.7,25.65,26.08,10546852.0,275576704.0,78000000.0,0.13521605128205127
2021-05-07,26.09,26.09,24.88,24.91,12245420.0,310371377.0,78000000.0,0.1569925641025641
2021-05-10,24.6,24.61,23.55,24.22,11500102.0,276213517.0,78000000.0,0.14743720512820513
2021-05-11,24.0,25.35,23.9,24.4,10536187.0,260130122.0,78000000.0,0.1350793205128205
2021-05-12,24.03,24.23,23.42,23.69,10555401.0,250098740.0,78000000.0,0.13532565384615386
2021-05-13,23.75,24.62,23.72,24.2,11129372.0,268571353.0,78000000.0,0.14268425641025642
2021-05-14,24.8,26.62,24.55,25.43,18758431.0,481967936.0,78000000.0,0.24049270512820514
2021-05-17,25.43,25.55,24.38,24.5,11551266.0,284804908.0,78000000.0,0.14809315384615385
2021-05-18,24.56,24.97,23.9,24.72,8781087.0,215450702.0,78000000.0,0.11257803846153847
2021-05-19,24.95,26.12,24.84,25.17,12542126.0,320237017.0,78000000.0,0.1607964871794872
2021-05-20,24.86,25.11,24.2,24.24,10455957.0,256770699.0,78000000.0,0.13405073076923077
2021-05-21,23.99,24.45,23.69,24.3,7569302.0,182329296.0,78000000.0,0.09704233333333333
2021-05-24,24.31,24.45,23.55,23.64,8238696.0,196478279.0,78000000.0,0.1056243076923077
2021-05-25,23.5,24.13,22.61,24.02,12946186.0,301518908.0,78000000.0,0.1659767435897436
2021-05-26,23.84,24.93,23.63,24.23,11836300.0,287547777.0,78000000.0,0.1517474358974359
2021-05-27,24.94,26.32,24.72,25.5,19600970.0,500240013.0,78000000.0,0.25129448717948716
2021-05-28,25.31,25.37,24.67,24.98,13408380.0,334261643.0,78000000.0,0.1719023076923077
2021-05-31,25.0,25.4,24.51,25.0,10225032.0,255570892.0,78000000.0,0.13109015384615386
2021-06-01,24.95,24.95,23.97,24.26,10173663.0,246869211.0,78000000.0,0.13043157692307691
2021-06-02,24.01,26.69,24.01,26.69,19839544.0,506348415.0,78000000.0,0.25435312820512823
2021-06-03,26.92,28.98,25.77,25.85,30233056.0,827264323.0,78000000.0,0.387603282051282
2021-06-04,25.39,25.61,24.75,24.87,14882045.0,372521298.0,78000000.0,0.1907954487179487
2021-06-07,24.64,25.48,24.58,24.99,9526686.0,238240601.0,78000000.0,0.122137
2021-06-08,24.95,24.97,24.17,24.31,9722377.0,237295638.0,78000000.0,0.12464585897435898
2021-06-09,24.09,24.89,23.88,24.13,7985889.0,194450948.0,78000000.0,0.10238319230769231
2021-06-10,24.0,24.15,23.66,23.77,8228556.0,196166032.0,78000000.0,0.10549430769230769
2021-06-11,23.79,23.99,23.2,23.23,7592537.0,178642628.0,78000000.0,0.09734021794871794
2021-06-15,23.23,23.33,22.28,22.32,7233564.0,164534619.0,78000000.0,0.092738
2021-06-16,22.1,22.62,21.81,22.03,5412989.0,120005589.0,78000000.0,0.06939729487179487
2021-06-17,22.0,22.43,22.0,22.41,4071963.0,90652330.0,78000000.0,0.052204653846153845
2021-06-18,22.6,22.61,21.98,22.24,4625989.0,102866245.0,78000000.0,0.059307551282051285
2021-06-21,22.24,23.08,22.01,22.62,6277602.0,141138376.0,78000000.0,0.08048207692307692
2021-06-22,22.47,23.06,22.28,22.8,5803476.0,131626134.0,78000000.0,0.07440353846153847
2021-06-23,22.8,22.93,22.5,22.54,4694966.0,106362929.0,78000000.0,0.060191871794871794
2021-06-24,22.54,22.54,21.68,21.77,6229620.0,137163715.0,78000000.0,0.07986692307692307
2021-06-25,21.61,21.76,21.21,21.47,5369500.0,114899353.0,78000000.0,0.0688397435897436
2021-06-28,21.66,22.0,21.48,21.87,3967322.0,86406513.0,78000000.0,0.050863102564102564
2021-06-29,21.7,21.7,20.96,21.01,5246272.0,111672471.0,78000000.0,0.06725989743589744
2021-06-30,20.79,21.15,20.3,20.5,4979575.0,102472081.0,78000000.0,0.06384070512820512
2021-07-01,20.21,20.8,20.19,20.2,3863020.0,79031839.0,78000000.0,0.049525897435897435
2021-07-02,20.1,20.11,19.37,19.41,5951378.0,116680275.0,78000000.0,0.07629971794871795
2021-07-05,19.4,19.68,19.31,19.64,3149094.0,61419343.0,78000000.0,0.040373
2021-07-06,19.56,20.49,19.42,20.0,5017982.0,100421427.0,78000000.0,0.06433310256410256
2021-07-07,19.89,20.18,19.8,19.94,3073001.0,61340626.0,78000000.0,0.039397448717948716
2021-07-08,19.9,20.19,19.51,19.51,3599893.0,70998848.0,78000000.0,0.046152474358974356
2021-07-09,19.46,20.15,19.23,19.95,4978729.0,98825043.0,78000000.0,0.06382985897435897
2021-07-12,20.0,20.16,19.75,19.84,3783689.0,75283920.0,78000000.0,0.048508833333333334
2021-07-13,19.85,20.44,19.65,20.36,5608368.0,112829387.0,78000000.0,0.07190215384615385
2021-07-14,20.22,20.64,19.92,19.93,4401007.0,88812275.0,78000000.0,0.05642316666666667
2021-07-15,19.92,19.92,19.2,19.36,4117639.0,80006402.0,78000000.0,0.05279024358974359
2021-07-16,19.26,19.58,19.26,19.34,2334361.0,45293802.0,78000000.0,0.02992770512820513
2021-07-19,19.22,19.68,19.22,19.42,2254527.0,43858639.0,78000000.0,0.028904192307692308
2021-07-20,19.26,19.38,18.71,18.74,4223129.0,79663829.0,78000000.0,0.05414267948717949
2021-07-21,18.92,19.16,18.75,18.78,2836580.0,53661584.0,78000000.0,0.036366410256410256
2021-07-22,18.79,18.9,18.6,18.66,2616775.0,48979568.0,78000000.0,0.03354839743589744
2021-07-23,18.66,18.75,17.71,17.8,5681903.0,102342458.0,78000000.0,0.07284491025641025
2021-07-26,17.91,18.12,17.35,17.87,4469377.0,78992906.0,78000000.0,0.057299705128205126
2021-07-27,17.87,17.9,16.98,17.0,4503238.0,78365869.0,78000000.0,0.05773382051282051
2021-07-28,17.0,17.0,15.51,16.18,4916964.0,79582692.0,78000000.0,0.063038
2021-07-29,16.19,17.78,16.19,17.18,7076193.0,121226217.0,78000000.0,0.09072042307692307
2021-07-30,17.17,17.36,16.78,17.27,3841338.0,65823431.0,78000000.0,0.04924792307692308
2021-08-02,17.01,17.58,17.01,17.49,2813338.0,48958810.0,78000000.0,0.0360684358974359
2021-08-03,17.34,18.15,17.25,17.27,4338463.0,76623891.0,78000000.0,0.05562132051282051
2021-08-04,17.14,17.43,17.09,17.19,2574255.0,44329921.0,78000000.0,0.03300326923076923
2021-08-05,17.09,17.4,16.85,16.93,2791038.0,47572612.0,78000000.0,0.03578253846153846
2021-08-06,16.93,18.13,16.79,17.63,6520291.0,115209260.0,78000000.0,0.08359347435897437
2021-08-09,17.35,17.72,17.2,17.67,4501798.0,78703892.0,78000000.0,0.05771535897435898
2021-08-10,17.68,17.95,17.55,17.85,3551560.0,63178867.0,78000000.0,0.04553282051282051
2021-08-11,17.85,18.42,17.61,18.11,4814305.0,87076766.0,78000000.0,0.06172185897435897
2021-08-12,18.13,18.42,17.8,17.85,3885295.0,70106169.0,78000000.0,0.04981147435897436
2021-08-13,17.85,18.01,17.52,17.66,2915064.0,51578054.0,78000000.0,0.037372615384615386
2021-08-16,17.99,19.43,17.99,19.43,9210069.0,174272352.0,78000000.0,0.11807780769230769
2021-08-17,20.32,21.37,19.76,21.37,27569536.0,576304656.0,78000000.0,0.35345558974358976
2021-08-18,21.5,23.0,20.67,22.72,32533540.0,715658417.0,78000000.0,0.41709666666666667
2021-08-19,21.33,21.62,20.45,20.45,16459679.0,341656533.0,78000000.0,0.21102152564102564
2021-08-20,19.38,19.56,18.42,18.89,17135235.0,322945802.0,78000000.0,0.2196825
2021-08-23,18.5,19.1,18.5,18.83,9485244.0,178487926.0,78000000.0,0.1216056923076923
2021-08-24,18.7,19.3,18.51,19.01,9301676.0,176339919.0,78000000.0,0.11925225641025641
2021-08-25,19.03,19.06,18.59,18.66,6974827.0,130349075.0,78000000.0,0.08942085897435897
2021-08-26,18.72,18.9,17.96,17.98,8481883.0,155537836.0,78000000.0,0.10874208974358975
2021-08-27,17.88,18.19,17.3,17.45,7357271.0,129776762.0,78000000.0,0.09432398717948717
2021-08-30,17.6,17.75,17.1,17.17,4739620.0,82453520.0,78000000.0,0.06076435897435897
2021-08-31,17.3,18.06,17.28,17.59,6462239.0,113618457.0,78000000.0,0.08284921794871795
2021-09-01,17.6,17.62,16.89,17.32,5934543.0,101801664.0,78000000.0,0.07608388461538461
2021-09-02,17.27,17.68,17.05,17.39,4240869.0,73793430.0,78000000.0,0.054370115384615385
2021-09-03,17.24,17.6,17.21,17.46,4031897.0,70098740.0,78000000.0,0.05169098717948718
2021-09-06,17.45,17.65,17.28,17.59,4049234.0,70881541.0,78000000.0,0.05191325641025641
2021-09-07,17.61,18.48,17.5,18.45,9275570.0,168310423.0,78000000.0,0.1189175641025641
2021-09-08,18.54,18.98,18.26,18.65,8003668.0,149064318.0,78000000.0,0.1026111282051282
2021-09-09,18.7,19.9,18.49,19.22,9196962.0,177824848.0,78000000.0,0.11790976923076923
2021-09-10,18.98,18.98,18.25,18.25,7723941.0,142998099.0,78000000.0,0.09902488461538461
2021-09-13,18.1,18.4,18.08,18.31,3163852.0,57790385.0,78000000.0,0.04056220512820513
2021-09-14,18.35,18.68,17.7,17.8,4443146.0,80245957.0,78000000.0,0.05696341025641025
2021-09-15,17.61,17.85,17.41,17.77,2458946.0,43454185.0,78000000.0,0.03152494871794872
2021-09-16,17.76,17.94,17.31,17.32,2985158.0,52504565.0,78000000.0,0.03827125641025641
2021-09-17,17.2,17.44,16.91,17.35,2952732.0,50677339.0,78000000.0,0.03785553846153846
2021-09-22,17.19,17.84,17.0,17.72,2719973.0,47705091.0,78000000.0,0.03487144871794872
2021-09-23,17.72,18.2,17.59,18.01,4649801.0,83111848.0,78000000.0,0.05961283333333333
2021-09-24,17.83,18.08,17.45,17.45,3462865.0,61419125.0,78000000.0,0.04439570512820513
2021-09-27,17.44,17.7,16.9,17.0,3113959.0,53237656.0,78000000.0,0.03992255128205128
2021-09-28,16.88,17.28,16.83,17.11,2681660.0,45885199.0,78000000.0,0.03438025641025641
2021-09-29,16.97,17.0,16.44,16.46,2921030.0,48806172.0,78000000.0,0.03744910256410256
2021-09-30,16.62,17.34,16.52,17.07,2753186.0,46727259.0,78000000.0,0.03529725641025641
2021-10-08,17.63,18.2,17.58,17.65,5566521.0,99321572.0,78000000.0,0.07136565384615384
2021-10-11,17.36,17.58,17.08,17.2,3579010.0,61719058.0,78000000.0,0.04588474358974359
2021-10-12,17.24,17.5,16.93,17.1,2499725.0,42864324.0,78000000.0,0.03204775641025641
2021-10-13,17.09,17.18,16.72,17.15,2062248.0,34962805.0,78000000.0,0.026439076923076923
2021-10-14,17.08,17.15,16.9,17.02,1556600.0,26527777.0,78000000.0,0.019956410256410255
2021-10-15,17.16,17.16,16.87,16.94,1669447.0,28352105.0,78000000.0,0.021403166666666668
2021-10-18,16.94,17.16,16.85,16.91,1461246.0,24750584.0,78000000.0,0.01873392307692308
2021-10-19,16.86,16.88,16.78,16.85,1520689.0,25582616.0,78000000.0,0.01949601282051282
2021-10-20,16.85,16.85,16.63,16.67,1972746.0,32921959.0,78000000.0,0.025291615384615385
2021-10-21,16.73,16.75,16.51,16.56,1413753.0,23451878.0,78000000.0,0.018125038461538463
2021-10-22,16.64,16.89,16.55,16.84,1926895.0,32283196.0,78000000.0,0.024703782051282052
2021-10-25,17.0,17.0,16.8,16.85,1379730.0,23280547.0,78000000.0,0.017688846153846152
2021-10-26,16.97,16.97,16.76,16.83,1349283.0,22715998.0,78000000.0,0.0172985
2021-10-27,16.75,16.77,16.19,16.31,1901065.0,31162744.0,78000000.0,0.024372628205128206
2021-10-28,16.23,16.46,16.08,16.12,1396467.0,22664351.0,78000000.0,0.017903423076923077
2021-10-29,16.13,16.39,15.81,16.28,1889672.0,30417103.0,78000000.0,0.024226564102564102
2021-11-01,16.4,16.4,16.08,16.21,1397736.0,22679748.0,78000000.0,0.017919692307692307
2021-11-02,16.2,16.22,15.64,15.71,2373700.0,37760458.0,78000000.0,0.030432051282051283
2021-11-03,15.85,16.22,15.8,16.11,1907700.0,30577648.0,78000000.0,0.02445769230769231
2021-11-04,16.17,16.25,16.0,16.19,1425634.0,22967625.0,78000000.0,0.018277358974358976
2021-11-05,16.18,16.18,15.89,15.91,1575382.0,25215278.0,78000000.0,0.02019720512820513
2021-11-08,16.0,17.5,16.0,17.5,8736193.0,149193524.0,78000000.0,0.11200247435897435
2021-11-09,17.73,17.73,16.91,17.11,7830976.0,134614733.0,78000000.0,0.10039712820512821
2021-11-10,17.2,17.25,16.91,17.2,3587624.0,61159575.0,78000000.0,0.04599517948717949
2021-11-11,17.2,17.36,16.99,17.18,3667994.0,62865183.0,78000000.0,0.0470255641025641
2021-11-12,17.19,17.29,17.01,17.13,2823999.0,48274323.0,78000000.0,0.036205115384615384
2021-11-15,17.14,17.48,17.08,17.35,4117346.0,71261657.0,78000000.0,0.05278648717948718
2021-11-16,17.45,18.49,17.17,18.2,9483855.0,168921179.0,78000000.0,0.12158788461538461
2021-11-17,18.3,18.3,17.75,17.89,5033859.0,90070309.0,78000000.0,0.06453665384615384
2021-11-18,17.89,17.89,17.31,17.31,4344221.0,76378579.0,78000000.0,0.05569514102564103
2021-11-19,17.31,17.57,17.12,17.3,2590682.0,44799812.0,78000000.0,0.03321387179487179
2021-11-22,17.31,17.55,17.11,17.49,3112964.0,53948937.0,78000000.0,0.03990979487179487
2021-11-23,17.33,17.5,17.26,17.4,2229171.0,38667204.0,78000000.0,0.028579115384615383
2021-11-24,17.4,17.5,17.23,17.42,2479719.0,43084621.0,78000000.0,0.031791269230769234
2021-11-25,17.52,17.94,17.52,17.92,5390984.0,96013143.0,78000000.0,0.06911517948717949
2021-11-26,18.0,18.35,17.76,18.03,6505633.0,117595099.0,78000000.0,0.08340555128205128
2021-11-29,17.64,17.91,17.26,17.73,3432419.0,60378310.0,78000000.0,0.044005371794871795
2021-11-30,17.79,17.96,17.65,17.8,3276682.0,58281561.0,78000000.0,0.04200874358974359
2021-12-01,17.85,17.97,17.58,17.97,3011670.0,53609331.0,78000000.0,0.038611153846153844
2021-12-02,17.98,18.15,17.4,17.44,3900882.0,69196605.0,78000000.0,0.050011307692307695
2021-12-03,17.6,17.6,17.22,17.3,2712065.0,47054160.0,78000000.0,0.0347700641025641
2021-12-06,17.3,17.49,17.01,17.03,2610200.0,44921493.0,78000000.0,0.033464102564102566
2021-12-07,17.03,17.17,16.6,16.7,3322549.0,55642037.0,78000000.0,0.042596782051282055
2021-12-08,16.8,16.95,16.67,16.87,1604821.0,27036747.0,78000000.0,0.020574628205128204
2021-12-09,16.86,17.3,16.78,17.11,2401400.0,41010943.0,78000000.0,0.030787179487179486
2021-12-10,17.12,17.21,16.81,17.04,1826000.0,31176195.0,78000000.0,0.02341025641025641
2021-12-13,17.01,17.21,16.96,17.07,1611900.0,27525934.0,78000000.0,0.020665384615384617
2021-12-14,17.07,18.2,16.93,17.67,6194296.0,109200175.0,78000000.0,0.07941405128205128
2021-12-15,17.65,17.87,17.35,17.6,4053600.0,71393801.0,78000000.0,0.05196923076923077
2021-12-16,17.73,17.81,17.58,17.68,2731796.0,48295052.0,78000000.0,0.03502302564102564
2021-12-17,17.58,17.75,17.43,17.45,2294600.0,40233461.0,78000000.0,0.029417948717948717
2021-12-20,17.48,17.51,17.17,17.17,1882182.0,32502019.0,78000000.0,0.02413053846153846
2021-12-21,17.16,17.41,17.13,17.39,1593232.0,27532134.0,78000000.0,0.020426051282051282
2021-12-22,17.4,17.68,17.35,17.57,2273182.0,39876897.0,78000000.0,0.029143358974358973
2021-12-23,17.59,17.73,17.18,17.2,2617182.0,45485200.0,78000000.0,0.03355361538461538
2021-12-24,17.11,17.33,16.8,16.8,2602900.0,44201527.0,78000000.0,0.03337051282051282
2021-12-27,16.83,17.04,16.71,16.88,1444601.0,24403313.0,78000000.0,0.018520525641025642
2021-12-28,16.88,17.22,16.74,17.04,1752239.0,29682396.0,78000000.0,0.022464602564102563
2021-12-29,17.09,17.17,16.86,17.04,1385859.0,23566926.0,78000000.0,0.017767423076923076
2021-12-30,16.99,17.12,16.93,17.04,1047769.0,17855897.0,78000000.0,0.013432935897435898
2021-12-31,17.03,17.16,17.02,17.07,1321585.0,22595499.0,78000000.0,0.016943397435897435
2022-01-04,17.15,17.47,17.07,17.42,2718619.0,47071984.0,78000000.0,0.03485408974358974
2022-01-05,17.42,17.49,17.15,17.27,1973900.0,34094965.0,78000000.0,0.025306410256410256
2022-01-06,17.27,17.57,17.19,17.52,2658120.0,46445588.0,78000000.0,0.03407846153846154
2022-01-07,17.52,17.63,17.36,17.37,2396301.0,41883856.0,78000000.0,0.03072180769230769
2022-01-10,17.37,18.48,17.12,18.08,7439615.0,133105219.0,78000000.0,0.09537967948717949
2022-01-11,18.0,18.16,17.65,17.7,4717395.0,84109213.0,78000000.0,0.060479423076923076
2022-01-12,17.72,17.9,17.63,17.77,2556919.0,45361840.0,78000000.0,0.03278101282051282
2022-01-13,17.78,17.8,17.5,17.52,2164426.0,38121351.0,78000000.0,0.027749051282051282
2022-01-14,17.56,17.6,17.19,17.21,2460619.0,42766465.0,78000000.0,0.03154639743589743
2022-01-17,17.18,17.46,17.1,17.43,1854582.0,32219877.0,78000000.0,0.023776692307692308
2022-01-18,17.45,17.45,17.12,17.16,1951319.0,33652304.0,78000000.0,0.025016910256410257
2022-01-19,17.14,17.39,17.06,17.35,1575671.0,27238784.0,78000000.0,0.020200910256410257
2022-01-20,17.27,17.4,16.9,16.95,2266419.0,38644205.0,78000000.0,0.029056653846153847
2022-01-21,16.95,17.03,16.61,16.62,1921914.0,32105145.0,78000000.0,0.024639923076923077
2022-01-24,16.67,16.74,16.31,16.38,1231400.0,20201449.0,78000000.0,0.015787179487179486
2022-01-25,16.38,16.4,15.8,15.8,2102900.0,33697510.0,78000000.0,0.02696025641025641
2022-01-26,15.8,16.04,15.58,15.72,1772300.0,27936587.0,78000000.0,0.022721794871794872
2022-01-27,15.71,15.8,15.33,15.35,1380700.0,21500552.0,78000000.0,0.01770128205128205
2022-01-28,15.35,15.66,15.35,15.61,1126200.0,17467885.0,78000000.0,0.014438461538461539
2022-02-07,15.75,16.27,15.75,15.99,1535219.0,24608786.0,78000000.0,0.019682294871794872
2022-02-08,15.93,16.18,15.93,16.15,1242757.0,19958091.0,78000000.0,0.01593278205128205
2022-02-09,16.07,16.79,16.02,16.53,2633395.0,43249717.0,78000000.0,0.03376147435897436
2022-02-10,17.49,18.18,17.04,18.18,11367090.0,205264672.0,78000000.0,0.14573192307692306
2022-02-11,17.98,18.76,17.3,17.58,16657041.0,298448291.0,78000000.0,0.2135518076923077
2022-02-14,17.1,18.04,17.01,17.45,7808821.0,136827563.0,78000000.0,0.10011308974358975
2022-02-15,17.54,17.72,17.09,17.21,5351304.0,92432090.0,78000000.0,0.06860646153846153
2022-02-16,17.29,17.43,17.18,17.42,3816606.0,66047351.0,78000000.0,0.04893084615384615
2022-02-17,17.56,19.16,17.37,19.16,26856562.0,508582234.0,78000000.0,0.34431489743589744
2022-02-18,18.58,19.04,18.22,18.29,21796458.0,404376722.0,78000000.0,0.27944176923076924
2022-02-21,18.26,18.48,18.18,18.33,9362919.0,171528584.0,78000000.0,0.12003742307692308
2022-02-22,18.19,18.31,17.72,17.86,8587649.0,154489419.0,78000000.0,0.1100980641025641
2022-02-23,17.87,18.36,17.66,18.36,8489401.0,153177747.0,78000000.0,0.10883847435897435
2022-02-24,18.22,18.28,16.78,17.21,10950832.0,191824127.0,78000000.0,0.14039528205128204
2022-02-25,17.1,17.45,17.05,17.05,5157548.0,88757310.0,78000000.0,0.06612241025641026
2022-02-28,17.06,17.2,16.53,16.79,4720628.0,79139219.0,78000000.0,0.0605208717948718
2022-03-01,16.78,16.91,16.58,16.73,3444240.0,57510498.0,78000000.0,0.04415692307692308
2022-03-02,16.66,16.94,16.45,16.91,3271712.0,54875115.0,78000000.0,0.04194502564102564
2022-03-03,16.9,16.98,16.55,16.66,3390258.0,56594154.0,78000000.0,0.04346484615384615
2022-03-04,16.6,16.61,16.17,16.19,3561077.0,58188637.0,78000000.0,0.04565483333333333
2022-03-07,16.1,16.45,16.02,16.27,2680875.0,43620972.0,78000000.0,0.03437019230769231
2022-03-08,16.3,16.4,15.65,15.77,3596582.0,57253656.0,78000000.0,0.04611002564102564
2022-03-09,15.98,16.2,15.32,16.18,4106500.0,64864508.0,78000000.0,0.052647435897435896
2022-03-10,16.43,16.48,16.18,16.24,2949500.0,48061518.0,78000000.0,0.037814102564102565
2022-03-11,16.0,16.3,15.7,16.28,2354000.0,37650797.0,78000000.0,0.03017948717948718
2022-03-14,16.1,16.17,15.8,15.83,1655082.0,26507645.0,78000000.0,0.021219
2022-03-15,15.79,15.79,15.35,15.39,2655477.0,41305802.0,78000000.0,0.03404457692307692
2022-03-16,15.39,15.72,14.15,15.07,4973384.0,74105261.0,78000000.0,0.06376133333333334
2022-03-17,15.09,15.22,14.95,14.95,3382952.0,51064172.0,78000000.0,0.04337117948717949
2022-03-18,14.87,15.13,14.77,14.94,2142200.0,32075589.0,78000000.0,0.027464102564102564
2022-03-21,14.98,15.33,14.97,15.28,2795000.0,42341530.0,78000000.0,0.035833333333333335
2022-03-22,15.2,15.25,14.97,15.02,1780419.0,26780301.0,78000000.0,0.022825884615384616
2022-03-23,15.1,15.11,14.56,14.71,2989617.0,44116822.0,78000000.0,0.03832842307692308
2022-03-24,14.6,14.6,14.31,14.31,2487811.0,35817580.0,78000000.0,0.03189501282051282
2022-03-25,14.32,14.55,14.2,14.44,2058400.0,29697112.0,78000000.0,0.02638974358974359
2022-03-28,14.41,14.74,14.1,14.63,2194621.0,31836664.0,131922570.0,0.01663567500238966
2022-03-29,14.64,14.72,14.41,14.48,1340500.0,19498452.0,131922570.0,0.010161263535117607
2022-03-30,14.53,14.7,14.49,14.7,1379000.0,20147610.0,131922570.0,0.01045310139121759
2022-03-31,14.69,14.99,14.6,14.88,2006827.0,29826928.0,131922570.0,0.015212158162170432
2022-04-01,14.82,14.96,14.63,14.95,1451877.0,21501478.0,131922570.0,0.011005523922100668
2022-04-06,15.0,15.39,15.0,15.09,1880300.0,28473012.0,131922570.0,0.014253057683761013
2022-04-07,14.98,15.04,14.69,14.72,1391113.0,20636003.0,131922570.0,0.010544920402930294
2022-04-08,14.65,14.98,14.41,14.9,1488682.0,21908367.0,131922570.0,0.011284513332328197
2022-04-11,14.9,14.98,14.25,14.37,1494900.0,21779950.0,131922570.0,0.01133164704113936
2022-04-12,14.91,15.8,14.91,15.46,5348964.0,82365727.0,131922570.0,0.04054623860041538
2022-04-13,15.26,15.83,15.21,15.41,3356819.0,52141205.0,131922570.0,0.02544537299417378
2022-04-14,15.43,15.56,15.15,15.18,2878093.0,43820060.0,131922570.0,0.021816532227957656
2022-04-15,15.1,15.43,14.91,15.23,2328261.0,35342180.0,131922570.0,0.017648693472239057
2022-04-18,15.15,15.34,14.84,15.34,1771100.0,26728549.0,131922570.0,0.013425299401004695
2022-04-19,15.5,15.5,15.16,15.24,1521701.0,23294399.0,131922570.0,0.011534804090005221
2022-04-20,15.31,15.32,15.02,15.09,1568804.0,23788270.0,131922570.0,0.011891854441586455
2022-04-21,15.02,15.07,14.54,14.57,1991900.0,29378804.0,131922570.0,0.015099008456248238
2022-04-22,14.34,14.77,14.33,14.6,1313201.0,19033239.0,131922570.0,0.009954331544632582
2022-04-25,14.51,14.55,13.6,13.66,1982300.0,28032210.0,131922570.0,0.015026238497324604
2022-04-26,13.81,14.0,13.02,13.13,2109100.0,28496354.0,131922570.0,0.015987408371440914
2022-04-27,13.12,13.45,12.67,13.43,2230061.0,29168406.0,131922570.0,0.016904317434082734
2022-04-28,13.27,13.48,12.84,12.95,1546082.0,20256992.0,131922570.0,0.011719617045059083
2022-04-29,13.13,13.75,13.05,13.54,2301900.0,30995949.0,131922570.0,0.017448871713157194
2022-05-05,13.5,13.94,13.42,13.78,1413900.0,19435610.0,131922570.0,0.010717650512721211
2022-05-06,13.65,13.75,13.46,13.73,1328600.0,18122016.0,131922570.0,0.010071059106868521
2022-05-09,13.76,14.06,13.76,13.93,1156915.0,16103818.0,131922570.0,0.008769651773763959
2022-05-10,13.75,14.2,13.71,14.08,1792600.0,25124232.0,131922570.0,0.013588273788177414
2022-05-11,14.17,15.49,14.15,15.02,9566204.0,146524050.0,131922570.0,0.07251377834740484
2022-05-12,14.85,15.23,14.47,14.61,6998034.0,103452788.0,131922570.0,0.05304652570064394
2022-05-13,14.78,14.84,14.44,14.5,2652615.0,38607351.0,131922570.0,0.020107362978146952
2022-05-16,14.81,14.81,14.5,14.55,2255700.0,32916382.0,131922570.0,0.017098666285837213
2022-05-17,14.59,14.65,14.31,14.63,2112300.0,30700671.0,131922570.0,0.016011665024415457
2022-05-18,14.68,14.72,14.48,14.51,1898019.0,27722049.0,131922570.0,0.014387371319403496
2022-05-19,14.3,14.49,14.18,14.47,1855900.0,26626595.0,131922570.0,0.014068100704830114
2022-05-20,9.81,10.6,9.67,10.3,8440120.0,86939618.0,131922570.0,0.06397783184484657
2022-05-23,10.12,10.37,10.05,10.14,6536554.0,66195212.0,195245404.00000003,0.03347865745408275
2022-05-24,10.4,11.15,10.23,10.95,24687201.0,264597408.0,195245404.00000003,0.12644190590012555
2022-05-25,10.67,11.1,10.54,10.79,11983198.0,129322773.0,195245404.00000003,0.061375058026974086
2022-05-26,10.7,11.05,10.52,10.7,10239909.0,110652744.0,195245404.00000003,0.052446351054696264
2022-05-27,10.58,10.68,10.29,10.3,8930202.0,92985372.0,195245404.00000003,0.04573834680379979
2022-05-30,10.5,11.09,10.33,10.9,15455535.0,167172966.0,195245404.00000003,0.07915953299469214
2022-05-31,11.05,11.13,10.45,10.74,7746542.0,83740345.0,195245404.00000003,0.039675924970812626
2022-06-01,10.7,10.78,10.51,10.67,5563207.0,59315208.0,195245404.00000003,0.02849340822383711
2022-06-02,10.55,10.66,10.4,10.46,3999006.0,41854954.0,195245404.00000003,0.020481946914356047
2022-06-06,10.58,11.05,10.47,10.8,8431007.0,90814099.0,195245404.00000003,0.043181590077275255
2022-06-07,10.99,11.46,10.88,11.0,12140259.0,134940695.0,195245404.00000003,0.062179486693576654
2022-06-08,10.92,11.4,10.8,11.19,13568152.0,151873405.0,195245404.00000003,0.0694928112110644
2022-06-09,11.19,11.43,10.8,10.99,10103544.0,111755652.0,195245404.00000003,0.05174792232241225
2022-06-10,10.98,11.2,10.72,11.0,6092284.0,66892303.0,195245404.00000003,0.031203213367316955
2022-06-13,10.96,10.96,10.41,10.52,7662382.0,81046351.0,195245404.00000003,0.039244877692485906
2022-06-14,10.42,10.51,10.18,10.51,3376223.0,34978400.0,195245404.00000003,0.017292202176497837
2022-06-15,10.4,10.69,10.39,10.48,4162125.0,43758792.0,195245404.00000003,0.02131740319992372
2022-06-16,10.48,10.56,10.38,10.42,2967164.0,31007323.0,195245404.00000003,0.015197100362987288
2022-06-17,10.37,10.45,10.23,10.4,2615662.0,27058392.0,195245404.00000003,0.01339679166020215
2022-06-20,10.42,10.63,10.42,10.58,4254872.0,44895673.0,195245404.00000003,0.021792431026955182
2022-06-21,10.61,10.67,10.35,10.54,5452992.0,57331111.0,195245404.00000003,0.027928913502107324
2022-06-22,10.69,10.95,10.48,10.59,8450962.0,90090960.0,195245404.00000003,0.04328379478781482
2022-06-23,10.44,10.53,10.21,10.28,5202329.0,53605631.0,195245404.00000003,0.026645077904112913
2022-06-24,10.29,10.34,10.14,10.19,4353092.0,44534556.0,195245404.00000003,0.022295490243652544
2022-06-27,10.21,10.28,10.14,10.17,4416590.0,45015624.0,195245404.00000003,0.02262071172748322
2022-06-28,10.17,10.24,10.1,10.16,4660377.0,47341561.0,195245404.00000003,0.023869330107253124
2022-06-29,10.15,10.27,10.08,10.16,4063339.0,41303383.0,195245404.00000003,0.02081144506735738
2022-06-30,10.16,10.2,10.1,10.11,3727508.0,37841069.0,195245404.00000003,0.01909139945747455
2022-07-01,10.11,10.24,10.1,10.21,3542028.0,36079214.0,195245404.00000003,0.018141415508044427
2022-07-04,10.24,10.24,10.11,10.18,2411476.0,24485196.0,195245404.00000003,0.012351000077830255
2022-07-05,10.2,10.23,10.1,10.17,3082722.0,31312756.0,195245404.00000003,0.01578896064564982
2022-07-06,10.11,10.16,9.91,9.91,3109021.0,31092901.0,195245404.00000003,0.015923657798367432
2022-07-07,9.97,10.03,9.92,10.01,1689612.0,16867040.0,195245404.00000003,0.008653786288357394
2022-07-08,9.98,10.2,9.98,10.11,1981789.0,20063992.0,195245404.00000003,0.010150246609646186
2022-07-11,10.11,10.14,9.93,9.95,1914657.0,19119831.0,195245404.00000003,0.009806412651844034
2022-07-12,9.95,9.98,9.81,9.82,1790892.0,17693289.0,195245404.00000003,0.009172518089081368
2022-07-13,9.82,10.1,9.82,10.07,2104048.0,20958576.0,195245404.00000003,0.010776427802623204
2022-07-14,10.0,10.03,9.91,9.93,1408412.0,14023830.0,195245404.00000003,0.007213547520944461
2022-07-15,9.93,9.93,9.7,9.73,2479492.0,24259393.0,195245404.00000003,0.012699361671017872
2022-07-18,9.74,10.3,9.74,10.13,4455933.0,45037467.0,195245404.00000003,0.022822217110933886
2022-07-19,10.14,10.26,10.08,10.21,3448656.0,35056935.0,195245404.00000003,0.017663186581334325
2022-07-20,10.26,10.27,10.1,10.17,2304900.0,23444996.0,195245404.00000003,0.01180514343886937
2022-07-21,10.18,10.6,10.09,10.35,7126756.0,73626525.0,195245404.00000003,0.03650153014613342
2022-07-22,10.31,10.55,10.24,10.46,6456740.0,67364552.0,195245404.00000003,0.03306986934248142
2022-07-25,10.46,10.46,10.16,10.18,3523777.0,36229536.0,195245404.00000003,0.018047938275668703
2022-07-26,10.22,10.27,10.09,10.25,2291255.0,23318366.0,195245404.00000003,0.01173525703068534
2022-07-27,10.24,10.45,10.18,10.32,3509802.0,36271884.0,195245404.00000003,0.01797636168685435
2022-07-28,10.42,10.57,10.35,10.45,4009966.0,41949907.0,195245404.00000003,0.020538081398320647
2022-07-29,10.48,10.55,10.3,10.3,2828240.0,29352087.0,195245404.00000003,0.014485565048179057
2022-08-01,10.37,10.37,10.16,10.21,2628666.0,26851960.0,195245404.00000003,0.01346339502055577
2022-08-02,10.12,10.19,9.5,9.51,5759916.0,55631196.0,195245404.00000003,0.029500904410533522
2022-08-03,9.5,9.72,9.25,9.37,3145932.0,29991612.0,195245404.00000003,0.016112707062748578
2022-08-04,9.46,9.54,9.33,9.51,1665852.0,15731357.0,195245404.00000003,0.00853209328297428
2022-08-05,9.55,9.65,9.48,9.63,1765280.0,16859079.0,195245404.00000003,0.009041339585130514
2022-08-08,9.63,9.69,9.53,9.67,1384904.0,13345344.0,195245404.00000003,0.0070931451989517755
2022-08-09,9.68,9.7,9.6,9.67,1436864.0,13877697.0,195245404.00000003,0.007359271821835047
2022-08-10,9.65,9.74,9.59,9.71,1751169.0,16962071.0,195245404.00000003,0.008969066437026092
2022-08-11,9.74,9.94,9.72,9.9,2535525.0,25007615.0,195245404.00000003,0.012986349220286894
2022-08-12,9.9,10.05,9.84,9.97,2236236.0,22315949.0,195245404.00000003,0.011453462945534941
2022-08-15,9.97,10.04,9.82,10.02,2165832.0,21554758.0,195245404.00000003,0.011092870590695183
2022-08-16,10.05,10.07,9.97,10.04,2181656.0,21869957.0,195245404.00000003,0.011173917312798818
2022-08-17,10.09,10.21,10.04,10.06,2307880.0,23294262.0,195245404.00000003,0.011820406282137118
2022-08-18,10.2,11.07,10.08,11.07,11474931.0,125175046.0,195245404.00000003,0.058771836698394184
2022-08-19,11.5,11.58,11.05,11.05,30900934.0,347692198.0,195245404.00000003,0.15826715183523601
2022-08-22,10.92,11.3,10.85,11.05,15461516.0,170962791.0,195245404.00000003,0.07919016623817685
2022-08-23,11.12,11.16,10.91,11.06,9772159.0,107555699.0,195245404.00000003,0.05005064805520338
2022-08-24,11.05,11.09,10.69,10.71,9294584.0,101084239.0,195245404.00000003,0.0476046237687623
2022-08-25,10.79,10.93,10.6,10.68,6676272.0,71433926.0,195245404.00000003,0.03419425944592273
2022-08-26,10.65,11.15,10.64,10.75,10377904.0,113620262.0,195245404.00000003,0.053153128254942165
2022-08-29,10.56,10.93,10.39,10.9,6994108.0,75340851.0,195245404.00000003,0.03582213899385821
2022-08-30,10.82,11.05,10.65,10.75,5105676.0,54905269.0,195245404.00000003,0.026150044484529834
2022-08-31,10.69,10.73,10.45,10.49,5127044.0,53999126.0,195245404.00000003,0.026259486241222863
2022-09-01,10.51,10.59,10.36,10.37,3346756.0,34982567.0,195245404.00000003,0.017141279289729142
2022-09-02,10.39,10.54,10.3,10.52,2947992.0,30899777.0,195245404.00000003,0.015098905990125122
2022-09-05,10.59,10.59,10.39,10.47,2772024.0,29032750.0,195245404.00000003,0.01419764021692413
2022-09-06,10.54,10.76,10.41,10.61,6728400.0,70980827.0,195245404.00000003,0.034461246524399615
2022-09-07,10.53,10.81,10.46,10.72,6631744.0,70650820.0,195245404.00000003,0.03396619773953808
2022-09-08,10.68,10.72,10.41,10.48,4960180.0,52120002.0,195245404.00000003,0.02540484896638079
2022-09-09,10.45,10.57,10.36,10.38,3125164.0,32622774.0,195245404.00000003,0.016006338361747044
2022-09-13,10.38,10.51,10.33,10.37,2871089.0,29888894.0,195245404.00000003,0.014705027320387011
2022-09-14,10.27,10.27,10.04,10.11,4467810.0,45248928.0,195245404.00000003,0.022883048248346985
2022-09-15,10.14,10.21,9.8,9.88,3967369.0,39620119.0,195245404.00000003,0.020319909809503118
2022-09-16,9.92,9.95,9.58,9.59,3105072.0,30131029.0,195245404.00000003,0.015903431970157922
2022-09-19,9.57,9.78,9.41,9.46,3426964.0,32671328.0,195245404.00000003,0.017552085374567893
2022-09-20,9.46,9.62,9.46,9.58,3186828.0,30491554.0,195245404.00000003,0.016322166538680724
2022-09-21,9.62,10.54,9.62,10.54,9032244.0,91926705.0,195245404.00000003,0.04626098138525196
2022-09-22,10.7,10.79,10.29,10.38,15330879.0,160497530.0,195245404.00000003,0.07852107494422761
2022-09-23,10.36,10.46,10.07,10.17,9308000.0,95274669.0,195245404.00000003,0.04767333729402408
2022-09-26,10.17,10.34,9.99,9.99,6517659.0,66008915.0,195245404.00000003,0.03338188180859816
2022-09-27,9.71,9.88,9.27,9.7,11942444.0,114586341.0,195245404.00000003,0.06116632584088893
2022-09-28,9.65,9.69,9.1,9.12,8346092.0,78140135.0,195245404.00000003,0.042746675870536745
2022-09-29,9.1,9.25,8.75,8.84,6042817.0,54163726.0,195245404.00000003,0.030949855290831836
2022-09-30,8.85,8.88,8.63,8.65,3693362.0,32225726.0,195245404.00000003,0.018916511858071697
2022-10-10,8.65,8.77,8.5,8.55,3263467.0,28203081.0,195245404.00000003,0.016714693063914578
2022-10-11,8.55,8.69,8.36,8.68,3170155.0,27066915.0,195245404.00000003,0.016236771442773627
2022-10-12,8.68,8.85,8.48,8.85,3581256.0,30927017.0,195245404.00000003,0.018342331889154222
2022-10-13,8.81,8.86,8.7,8.79,3298144.0,28987642.0,195245404.00000003,0.0168923003176044
2022-10-14,8.75,8.95,8.75,8.9,3522553.0,31296411.0,195245404.00000003,0.018041669242058057
2022-10-17,8.89,9.02,8.84,9.01,3137853.0,28093600.0,195245404.00000003,0.01607132836786263
2022-10-18,9.05,9.05,8.93,9.01,2451196.0,22053622.0,195245404.00000003,0.012554436364607074
2022-10-19,9.0,9.08,8.92,8.96,2629924.0,23647153.0,195245404.00000003,0.013469838193988932
2022-10-20,8.94,9.04,8.85,8.9,2629067.0,23500142.0,195245404.00000003,0.013465448846109585
2022-10-21,8.93,9.05,8.9,9.0,2457444.0,22077667.0,195245404.00000003,0.012586437117874485
2022-10-24,9.05,9.79,9.0,9.15,7860191.0,73139816.0,195245404.00000003,0.04025800781461672
2022-10-25,9.17,9.73,9.17,9.48,9667360.0,91301452.0,195245404.00000003,0.0495138927828488
2022-10-26,9.36,9.38,9.18,9.35,6652072.0,61614558.0,195245404.00000003,0.03407031286636585
2022-10-27,9.37,9.39,9.01,9.01,7329960.0,67089566.0,195245404.00000003,0.03754229216069024
2022-10-28,9.0,9.0,8.61,8.65,5410109.0,47175933.0,195245404.00000003,0.02770927709007685
2022-10-31,8.64,8.9,8.6,8.76,3442854.0,30228688.0,195245404.00000003,0.01763347013279759
2022-11-01,8.82,8.92,8.76,8.92,2639972.0,23378637.0,195245404.00000003,0.013521301633302465
2022-11-02,8.94,9.04,8.86,8.99,2424764.0,21746522.0,195245404.00000003,0.012419058017877849
2022-11-03,8.94,9.08,8.91,9.07,2497908.0,22562628.0,195245404.00000003,0.012793683993708756
2022-11-04,9.08,9.22,9.08,9.17,3271091.0,30000496.0,195245404.00000003,0.01675374135823448
2022-11-07,9.22,9.28,9.12,9.21,3962288.0,36449744.0,195245404.00000003,0.02029388614955566
2022-11-08,9.19,9.2,9.12,9.16,2170066.0,19845329.0,195245404.00000003,0.01111455612035815
2022-11-09,9.16,9.2,9.14,9.19,1962302.0,18005153.0,195245404.00000003,0.010050438882545986
2022-11-10,9.2,9.21,9.11,9.14,1798328.0,16472397.0,195245404.00000003,0.009210603492617936
2022-11-11,9.24,9.3,9.19,9.21,3400996.0,31468917.0,195245404.00000003,0.017419083524240087
2022-11-14,9.21,9.34,9.2,9.26,2790728.0,25841033.0,195245404.00000003,0.014293437606346932
2022-11-15,9.27,9.32,9.22,9.32,2969568.0,27580609.0,195245404.00000003,0.015209413072791202
2022-11-16,9.35,9.41,9.3,9.32,2638080.0,24637970.0,195245404.00000003,0.013511611264355291
2022-11-17,9.33,9.33,9.23,9.29,2031439.0,18824985.0,195245404.00000003,0.01040454196811721
2022-11-18,9.29,9.3,9.21,9.22,1926936.0,17832352.0,195245404.00000003,0.009869302736570433
2022-11-21,9.26,9.26,9.16,9.25,1798436.0,16577606.0,195245404.00000003,0.009211156642642404
2022-11-22,9.24,9.48,9.2,9.41,4916205.0,46100903.0,195245404.00000003,0.0251796195929918
2022-11-23,9.39,9.45,9.22,9.25,3581859.0,33319260.0,195245404.00000003,0.018345420310124174
2022-11-24,9.27,10.18,9.22,9.81,13499568.0,131311032.0,195245404.00000003,0.06914154045848883
2022-11-25,9.7,9.8,9.51,9.56,7710427.0,74049301.0,195245404.00000003,0.03949095262698219
2022-11-28,9.45,9.57,9.33,9.48,5400156.0,50941186.0,195245404.00000003,0.02765830021791447
2022-11-29,9.48,9.58,9.45,9.54,4157339.0,39534520.0,195245404.00000003,0.02129289045902458
2022-11-30,9.55,9.58,9.44,9.47,3423462.0,32525165.0,195245404.00000003,0.017534148972848548
2022-12-01,9.47,9.86,9.45,9.71,8187495.0,79323870.0,195245404.00000003,0.04193438018136396
2022-12-02,9.69,10.13,9.66,9.95,8117203.0,80406608.0,195245404.00000003,0.04157436146358661
2022-12-05,9.82,10.05,9.82,9.95,5843419.0,58256301.0,195245404.00000003,0.02992858669287805
2022-12-06,9.88,9.98,9.73,9.77,5384456.0,52825889.0,195245404.00000003,0.02757788859398708
2022-12-07,9.77,9.81,9.64,9.69,3100397.0,30108465.0,195245404.00000003,0.01587948774456171
2022-12-08,9.7,9.74,9.6,9.65,2081824.0,20109428.0,195245404.00000003,0.010662601819810312
2022-12-09,9.63,9.84,9.51,9.72,3524844.0,34141032.0,195245404.00000003,0.018053403193040076
2022-12-12,9.72,9.73,9.38,9.44,3497604.0,33222277.0,195245404.00000003,0.017913886464646304
2022-12-13,9.48,9.51,9.43,9.46,1386552.0,13123922.0,195245404.00000003,0.007101585858584409
2022-12-14,9.46,9.5,9.35,9.38,2215840.0,20831344.0,195245404.00000003,0.011348999539062132
2022-12-15,9.38,9.45,9.34,9.4,1371216.0,12887164.0,195245404.00000003,0.0070230385551098545
2022-12-16,9.39,9.39,9.22,9.24,1755928.0,16277234.0,195245404.00000003,0.008993440890419115
2022-12-19,9.25,9.26,9.01,9.07,1982917.0,18078656.0,195245404.00000003,0.01015602395434619
2022-12-20,9.06,9.16,8.98,9.12,1341592.0,12195210.0,195245404.00000003,0.006871311552101886
2022-12-21,9.11,9.12,8.9,8.99,1505136.0,13525036.0,195245404.00000003,0.0077089445854510346
2022-12-22,9.05,9.05,8.83,8.85,1625660.0,14481236.0,195245404.00000003,0.008326239525720154
2022-12-23,8.8,8.94,8.78,8.85,1087706.0,9621879.0,195245404.00000003,0.005570968523284675
2022-12-26,8.85,9.05,8.85,9.05,1209168.0,10860486.0,195245404.00000003,0.0061930676739514945
2022-12-27,9.05,9.1,8.98,9.05,939040.0,8483367.0,195245404.00000003,0.004809537027565575
2022-12-28,9.05,9.14,8.95,8.99,1058775.0,9564613.0,195245404.00000003,0.005422790899600381
2022-12-29,9.0,9.0,8.92,8.92,911954.0,8161751.0,195245404.00000003,0.004670809050132621
2022-12-30,8.97,8.98,8.9,8.96,941618.0,8427762.0,195245404.00000003,0.0048227409235200224
2023-01-03,8.95,9.09,8.91,9.09,1163996.0,10505362.0,195245404.00000003,0.005961707554457978
2023-01-04,9.08,9.14,9.05,9.11,1424368.0,12968349.0,195245404.00000003,0.007295270315300225
2023-01-05,9.17,9.19,9.09,9.16,1346584.0,12300762.0,195245404.00000003,0.006896879375455106
2023-01-06,9.16,9.23,9.11,9.14,1409000.0,12925577.0,195245404.00000003,0.007216559115522124
2023-01-09,9.53,9.98,9.3,9.67,12645716.0,123361696.0,195245404.00000003,0.0647683158780014
2023-01-10,9.81,9.83,9.43,9.46,5593512.0,53481011.0,195245404.00000003,0.028648623145054924
2023-01-11,9.45,9.6,9.39,9.4,3529080.0,33484273.0,195245404.00000003,0.018075098966222013
2023-01-12,9.42,9.44,9.32,9.36,1893628.0,17765960.0,195245404.00000003,0.0096987071716167
2023-01-13,9.39,9.47,9.26,9.32,2146024.0,20048124.0,195245404.00000003,0.010991418778800036
2023-01-16,9.27,9.39,9.26,9.32,1837164.0,17150483.0,195245404.00000003,0.009409512144009289
2023-01-17,9.44,9.44,9.32,9.36,1318628.0,12346604.0,195245404.00000003,0.0067536954672694875
2023-01-18,9.41,9.43,9.37,9.39,1114716.0,10477781.0,195245404.00000003,0.005709307246996707
2023-01-19,9.39,9.46,9.36,9.43,1437265.0,13531870.0,195245404.00000003,0.007361325647388861
2023-01-20,9.42,9.47,9.39,9.47,1751640.0,16556711.0,195245404.00000003,0.008971478785743912
2023-01-30,9.51,9.58,9.5,9.55,2226713.0,21228252.0,195245404.00000003,0.011404688429951466
2023-01-31,9.53,9.57,9.5,9.56,1820124.0,17344132.0,195245404.00000003,0.009322237362370894
2023-02-01,9.59,9.69,9.57,9.67,2317180.0,22307760.0,195245404.00000003,0.011868038645355256
2023-02-02,9.69,9.75,9.64,9.66,2388757.0,23140495.0,195245404.00000003,0.012234638824071883
2023-02-03,9.68,9.68,9.53,9.65,2838599.0,27235587.0,195245404.00000003,0.01453862135469268
2023-02-06,9.63,9.71,9.61,9.66,1859323.0,17968891.0,195245404.00000003,0.009523005212455601
2023-02-07,9.67,9.8,9.65,9.79,2768752.0,26929313.0,195245404.00000003,0.014180881819886524
2023-02-08,9.77,9.82,9.69,9.72,2269189.0,22092596.0,195245404.00000003,0.01162224028587121
2023-02-09,9.71,9.76,9.63,9.76,2117456.0,20585312.0,195245404.00000003,0.010845100353809095
2023-02-10,9.74,9.79,9.71,9.75,1924920.0,18770491.0,195245404.00000003,0.009858977269447016
2023-02-13,9.75,9.77,9.7,9.73,2134554.0,20748860.0,195245404.00000003,0.010932672197497667
2023-02-14,9.75,10.13,9.66,10.06,9170916.0,91224060.0,195245404.00000003,0.04697122601666976
2023-02-15,10.01,10.15,9.91,10.02,6461239.0,64761443.0,195245404.00000003,0.03309291213840813
2023-02-16,10.01,10.3,9.71,9.79,7703377.0,77466450.0,195245404.00000003,0.03945484422260715
2023-02-17,9.8,9.89,9.7,9.73,3556894.0,34764385.0,195245404.00000003,0.018217555584560646
2023-02-20,9.71,9.74,9.55,9.68,3355992.0,32432774.0,195245404.00000003,0.01718858386034019
2023-02-21,9.67,9.73,9.61,9.7,2229340.0,21578629.0,195245404.00000003,0.011418143292120719
2023-02-22,9.67,9.68,9.56,9.61,3230160.0,31043889.0,195245404.00000003,0.01654410262072033
2023-02-23,9.61,9.66,9.6,9.66,1828021.0,17595680.0,195245404.00000003,0.009362683897030426
2023-02-24,9.68,9.68,9.51,9.59,1668012.0,15982499.0,195245404.00000003,0.008543156283463655
2023-02-27,9.52,9.61,9.48,9.55,1364839.0,13025285.0,195245404.00000003,0.0069903770948687724
2023-02-28,9.55,9.65,9.55,9.65,1363192.0,13082070.0,195245404.00000003,0.006981941556995625
2023-03-01,9.62,9.71,9.62,9.71,1698192.0,16436176.0,195245404.00000003,0.008697730984745739
2023-03-02,9.71,9.76,9.66,9.69,1334784.0,12949208.0,195245404.00000003,0.006836442613522415
2023-03-03,9.69,9.74,9.65,9.73,1473476.0,14298348.0,195245404.00000003,0.007546789680129934
2023-03-06,9.74,9.78,9.67,9.78,1589532.0,15462009.0,195245404.00000003,0.008141200599016404
2023-03-07,9.77,9.79,9.54,9.59,2256608.0,21814725.0,195245404.00000003,0.011557803429780092
2023-03-08,9.6,9.67,9.54,9.66,1057556.0,10170224.0,195245404.00000003,0.005416547474787165
2023-03-09,9.67,10.12,9.64,9.93,7129404.0,70863981.0,195245404.00000003,0.03651509256525188
2023-03-10,9.88,9.98,9.65,9.69,4922469.0,48256591.0,195245404.00000003,0.025211702294410984
2023-03-13,9.62,9.66,9.4,9.48,3565321.0,33810040.0,195245404.00000003,0.018260716651747663
2023-03-14,9.55,9.84,9.34,9.53,5074664.0,48437548.0,195245404.00000003,0.025991208479355547
2023-03-15,9.5,9.6,9.45,9.58,2819036.0,26894363.0,195245404.00000003,0.014438424373871559
2023-03-16,9.55,9.57,9.36,9.4,2430568.0,22942682.0,195245404.00000003,0.012448784709933554
2023-03-17,9.41,9.49,9.33,9.41,1754976.0,16527790.0,195245404.00000003,0.008988564975388613
2023-03-20,9.41,9.48,9.37,9.41,1789805.0,16818857.0,195245404.00000003,0.00916695073652028
2023-03-21,9.45,9.52,9.42,9.52,1740417.0,16478390.0,195245404.00000003,0.008913997279034542
2023-03-22,9.52,9.66,9.5,9.65,2228192.0,21374262.0,195245404.00000003,0.011412263512230996
2023-03-23,9.64,9.77,9.59,9.64,2225861.0,21510919.0,195245404.00000003,0.011400324690869545
2023-03-24,9.71,9.71,9.56,9.61,1483526.0,14255053.0,195245404.00000003,0.007598263362962438
2023-03-27,9.56,9.62,9.45,9.57,1839932.0,17544644.0,195245404.00000003,0.009423689174266042
2023-03-28,9.59,9.61,9.47,9.51,1229064.0,11701586.0,195245404.00000003,0.006294970200681394
2023-03-29,9.53,9.53,9.4,9.45,1706440.0,16113338.0,195245404.00000003,0.008739975256984793
2023-03-30,9.41,9.55,9.38,9.55,1774628.0,16766303.0,195245404.00000003,0.009089217792803972
2023-03-31,9.51,9.68,9.46,9.65,2342661.0,22434421.0,195245404.00000003,0.011998546198813466
2023-04-03,9.74,9.74,9.58,9.62,1768147.0,16992177.0,195245404.00000003,0.009056023669576365
2023-04-04,9.62,9.62,9.48,9.5,1882164.0,17920096.0,195245404.00000003,0.009639991320871245
2023-04-06,9.51,9.52,9.41,9.51,1195164.0,11298946.0,195245404.00000003,0.006121342554112054
2023-04-07,9.52,9.69,9.45,9.61,2567598.0,24648268.0,195245404.00000003,0.013150619412275638
2023-04-10,9.61,9.69,9.51,9.51,2281221.0,21899036.0,195245404.00000003,0.01168386529600461
2023-04-11,9.52,9.52,9.34,9.38,2371262.0,22290570.0,195245404.00000003,0.01214503364186744
2023-04-12,9.34,9.46,9.34,9.45,1393707.0,13111346.0,195245404.00000003,0.00713823204770546
2023-04-13,9.47,9.47,9.4,9.4,916839.0,8637134.0,195245404.00000003,0.004695828845220858
2023-04-14,9.4,9.46,9.39,9.44,1253559.0,11810216.0,195245404.00000003,0.006420427699286585
2023-04-17,9.42,9.45,9.37,9.41,1214936.0,11419571.0,195245404.00000003,0.006222609982665711
2023-04-18,9.41,9.41,9.34,9.36,1135317.0,10624164.0,195245404.00000003,0.00581482061416411
2023-04-19,9.38,9.39,9.32,9.33,891128.0,8328270.0,195245404.00000003,0.004564143287080908
2023-04-20,9.35,9.35,9.14,9.21,2168055.0,19943940.0,195245404.00000003,0.011104256262032163
2023-04-21,9.2,9.25,9.01,9.05,1557572.0,14185335.0,195245404.00000003,0.007977509165849557
2023-04-24,9.09,9.09,8.9,9.05,1265652.0,11387696.0,195245404.00000003,0.0064823651367486215
2023-04-25,9.0,9.2,8.9,9.2,2072680.0,18715786.0,195245404.00000003,0.010615768451071964
2023-04-26,9.09,9.12,8.8,9.02,2103667.0,18884260.0,195245404.00000003,0.010774476412259105
2023-04-27,9.0,9.07,8.99,9.0,970892.0,8755168.0,195245404.00000003,0.0049726753107079535
2023-04-28,9.02,9.14,9.02,9.12,932648.0,8473146.0,195245404.00000003,0.004776798740932206
2023-05-04,9.15,9.22,9.08,9.22,1462837.0,13396989.0,195245404.00000003,0.007492299280960282
2023-05-05,9.2,9.21,9.06,9.12,1104808.0,10072859.0,195245404.00000003,0.00565856085401119
2023-05-08,9.12,9.18,9.07,9.15,1161599.0,10600299.0,195245404.00000003,0.005949430696970464
2023-05-09,9.16,9.22,9.08,9.12,1575692.0,14407667.0,195245404.00000003,0.008070315447732637
2023-05-10,8.95,9.09,8.83,9.03,2099398.0,18840533.0,195245404.00000003,0.010752611621014135
2023-05-11,9.06,9.3,8.97,9.22,5189251.0,47505734.0,195245404.00000003,0.026578095533557344
2023-05-12,9.25,9.25,9.14,9.17,2530827.0,23220910.0,195245404.00000003,0.012962287194222506
2023-05-15,9.19,9.2,9.02,9.2,1696198.0,15466471.0,195245404.00000003,0.008687518196331012
2023-05-16,9.18,9.26,9.12,9.21,2439332.0,22480273.0,195245404.00000003,0.012493671810067292
2023-05-17,9.21,9.3,9.14,9.25,1843854.0,17009790.0,195245404.00000003,0.009443776714969432
2023-05-18,9.24,9.33,9.12,9.26,4286828.0,39624881.0,195245404.00000003,0.021956101973084084
2023-05-19,9.22,9.24,9.14,9.16,1102488.0,10122837.0,195245404.00000003,0.005646678372004085
2023-05-22,9.16,9.28,9.14,9.27,2072012.0,19081247.0,195245404.00000003,0.010612347115735435
2023-05-23,9.26,9.31,9.16,9.27,1636416.0,15171651.0,195245404.00000003,0.008381329170749647
2023-05-24,9.25,9.3,9.16,9.18,1264008.0,11673485.0,195245404.00000003,0.006473944964153931
2023-05-25,9.17,9.19,9.04,9.18,1270120.0,11573008.0,195245404.00000003,0.0065052491581312705
2023-05-26,9.38,9.5,9.18,9.22,3249391.0,30255656.0,195245404.00000003,0.016642599177392157
2023-05-29,9.2,9.34,9.12,9.29,2163528.0,20032078.0,195245404.00000003,0.01108107005683985
2023-05-30,9.28,9.55,9.17,9.37,5624865.0,53042584.0,195245404.00000003,0.02880920567021388
2023-05-31,9.41,9.42,9.06,9.06,4505972.0,41364912.0,195245404.00000003,0.023078504833844896
2023-06-01,9.03,9.19,8.87,9.03,3214796.0,28890151.0,195245404.00000003,0.016465411907980173
2023-06-02,9.04,9.08,9.0,9.04,1383133.0,12490623.0,195245404.00000003,0.007084074562902386
2023-06-05,9.08,9.08,8.95,8.98,1256880.0,11307411.0,195245404.00000003,0.006437437062538997
2023-06-06,8.97,8.97,8.77,8.81,2090644.0,18513996.0,195245404.00000003,0.010707775738475256
2023-06-07,8.86,8.86,8.68,8.7,1708720.0,14887016.0,195245404.00000003,0.008751652868612465
2023-06-08,8.68,8.74,8.66,8.69,1361168.0,11830094.0,195245404.00000003,0.006971575115796323
2023-06-09,8.71,8.75,8.5,8.54,2849076.0,24473965.0,195245404.00000003,0.01459228202882563
2023-06-12,8.62,8.64,8.5,8.61,1394196.0,11935260.0,195245404.00000003,0.0071407365880940266
2023-06-13,8.6,8.64,8.56,8.63,952589.0,8192647.0,195245404.00000003,0.004878931746838967
2023-06-14,8.63,8.64,8.56,8.61,997588.0,8577813.0,195245404.00000003,0.005109405801941437
2023-06-15,8.6,8.63,8.56,8.61,1122584.0,9644204.0,195245404.00000003,0.005749605250631148
2023-06-16,8.62,8.69,8.58,8.65,1433360.0,12377557.0,195245404.00000003,0.0073413251765967295
2023-06-19,8.65,9.07,8.58,9.05,6822303.0,60674595.0,195245404.00000003,0.03494219510539669
2023-06-20,8.99,9.47,8.95,9.12,9540951.0,88034295.0,195245404.00000003,0.04886645628800562
2023-06-21,9.15,9.48,8.99,9.4,10148656.0,94432196.0,195245404.00000003,0.05197897513633662
2023-06-26,9.41,9.42,9.13,9.25,5156336.0,47856880.0,195245404.00000003,0.026409512820081537
2023-06-27,9.27,9.34,9.07,9.21,3821256.0,35088701.0,195245404.00000003,0.01957155416575132
2023-06-28,9.25,9.26,9.1,9.23,2554049.0,23475202.0,195245404.00000003,0.013081224693002247
2023-06-29,9.21,9.25,9.1,9.16,2101925.0,19235136.0,195245404.00000003,0.010765554307234805
2023-06-30,9.1,9.31,9.1,9.16,2193100.0,20178821.0,195245404.00000003,0.011232530728354556
2023-07-03,9.18,9.23,9.12,9.16,1827112.0,16717970.0,195245404.00000003,0.009358028217657813
2023-07-04,9.18,9.22,9.13,9.17,1559904.0,14296960.0,195245404.00000003,0.007989453108970493
2023-07-05,9.16,9.52,9.12,9.29,6137411.0,57325970.0,195245404.00000003,0.031434343007633606
2023-07-06,9.25,9.28,9.08,9.1,3000236.0,27430841.0,195245404.00000003,0.015366487192702368
2023-07-07,9.03,9.35,9.02,9.13,2242972.0,20602698.0,195245404.00000003,0.011487963117431433
2023-07-10,9.16,9.3,9.09,9.24,2313384.0,21262003.0,195245404.00000003,0.011848596446347079
2023-07-11,9.21,9.23,9.12,9.19,1433751.0,13132990.0,195245404.00000003,0.007343327784555685
2023-07-12,9.16,9.2,9.11,9.12,1341732.0,12269291.0,195245404.00000003,0.006872028598429901
2023-07-13,9.14,9.21,9.13,9.15,2752980.0,25260469.0,195245404.00000003,0.014100101429276151
2023-07-14,9.17,9.24,9.11,9.19,1473335.0,13538788.0,195245404.00000003,0.007546067512042434
2023-07-17,9.23,9.28,9.14,9.26,2026011.0,18704221.0,195245404.00000003,0.010376741057628171
2023-07-18,9.24,9.3,9.2,9.29,1487716.0,13786739.0,195245404.00000003,0.007619723535208029
2023-07-19,9.27,9.5,9.24,9.26,7056507.0,65895852.0,195245404.00000003,0.036141731664013965
2023-07-20,9.2,9.22,9.0,9.0,3461496.0,31463679.0,195245404.00000003,0.01772894997313227
2023-07-21,9.0,9.26,8.98,9.06,4416811.0,40265109.0,195245404.00000003,0.02262184363632959
2023-07-24,9.1,9.1,8.93,8.97,1765666.0,15871176.0,195245404.00000003,0.009043316584292041
2023-07-25,9.0,9.35,8.98,9.19,6102192.0,56039142.0,195245404.00000003,0.03125395976030247
2023-07-26,9.17,9.28,9.14,9.2,3548491.0,32706089.0,195245404.00000003,0.01817451743960129
2023-07-27,9.25,9.27,9.07,9.08,2593140.0,23684331.0,195245404.00000003,0.013281439393062484
2023-07-28,9.08,9.16,9.02,9.12,1952360.0,17762735.0,195245404.00000003,0.009999518349737951
2023-07-31,9.16,9.23,9.12,9.17,2506308.0,23026953.0,195245404.00000003,0.012836706773389654
2023-08-01,9.17,9.24,9.13,9.2,3392828.0,31209116.0,195245404.00000003,0.0173772489927599
2023-08-02,9.2,9.2,9.08,9.1,2351716.0,21478200.0,195245404.00000003,0.012044923730957578
2023-08-03,9.1,9.12,8.56,8.68,12982836.0,113716418.0,195245404.00000003,0.06649496343586146
2023-08-04,8.65,8.79,8.63,8.72,7678762.0,66845752.0,195245404.00000003,0.03932877211286366
2023-08-07,8.72,8.79,8.64,8.69,3038052.0,26465821.0,195245404.00000003,0.015560171649418184
2023-08-08,8.69,8.72,8.63,8.68,1581980.0,13709709.0,195245404.00000003,0.008102521071379482
2023-08-09,8.66,8.72,8.63,8.66,2009304.0,17419205.0,195245404.00000003,0.010291171821898556
2023-08-10,8.65,8.72,8.64,8.7,1954166.0,16974285.0,195245404.00000003,0.010008768247369345
2023-08-11,8.74,8.74,8.6,8.61,2096760.0,18158059.0,195245404.00000003,0.01073910041949054
2023-08-14,8.59,8.67,8.54,8.67,2020232.0,17425197.0,195245404.00000003,0.01034714240955961
2023-08-15,8.64,8.73,8.64,8.67,1286996.0,11162572.0,195245404.00000003,0.0065916839712139895
2023-08-16,8.67,8.74,8.64,8.69,1605016.0,13961723.0,195245404.00000003,0.008220505922894859
2023-08-17,8.7,8.74,8.55,8.73,2392697.0,20673642.0,195245404.00000003,0.012254818556446018
2023-08-18,8.7,8.86,8.68,8.76,3425932.0,30102249.0,195245404.00000003,0.017546799718778525
2023-08-21,8.73,8.86,8.72,8.8,2159581.0,18989159.0,195245404.00000003,0.011060854472149315
2023-08-22,8.81,8.82,8.57,8.72,2990388.0,25960308.0,195245404.00000003,0.015316048105286
2023-08-23,8.73,9.0,8.7,8.79,5009101.0,44280312.0,195245404.00000003,0.025655410562186648
2023-08-24,8.79,8.83,8.57,8.73,4075184.0,35287845.0,195245404.00000003,0.020872112308466934
2023-08-25,8.69,8.98,8.64,8.69,6208693.0,54909009.0,195245404.00000003,0.03179943226730192
2023-08-28,8.96,9.0,8.67,8.7,5587728.0,49325638.0,195245404.00000003,0.028618998888188932
2023-08-29,8.98,9.29,8.91,9.07,12355227.0,111963025.0,195245404.00000003,0.06328050108672467
2023-08-30,9.07,9.14,8.93,8.97,6160017.0,55538988.0,195245404.00000003,0.03155012550257008
2023-08-31,8.9,9.04,8.86,8.88,2776976.0,24735420.0,195245404.00000003,0.014223003169897918
2023-09-01,8.84,8.95,8.81,8.89,2378944.0,21104328.0,195245404.00000003,0.01218437899823752
2023-09-04,8.89,9.04,8.88,9.03,2859365.0,25674845.0,195245404.00000003,0.014644979812175244
2023-09-05,9.04,9.04,8.95,9.02,1820876.0,16372665.0,195245404.00000003,0.009326088925504232
2023-09-06,9.01,9.06,8.99,9.04,1750088.0,15818732.0,195245404.00000003,0.008963529815021918
2023-09-07,9.02,9.06,8.95,8.96,1957072.0,17614887.0,195245404.00000003,0.010023652080435142
2023-09-08,8.94,9.08,8.9,9.04,2162850.0,19490099.0,195245404.00000003,0.011077597503908463
2023-09-11,9.06,9.09,8.98,9.02,1874892.0,16939868.0,195245404.00000003,0.009602745885890352
2023-09-12,9.02,9.04,8.95,9.0,1359168.0,12231611.0,195245404.00000003,0.00696133159682468
2023-09-13,8.98,9.04,8.96,9.02,1361568.0,12257210.0,195245404.00000003,0.006973623819590651
2023-09-14,8.99,9.02,8.93,9.01,1589592.0,14270645.0,195245404.00000003,0.008141507904585553
2023-09-15,9.01,9.02,8.9,8.91,1488500.0,13332009.0,195245404.00000003,0.007623738994644912
2023-09-18,8.94,9.0,8.84,9.0,1871264.0,16766124.0,195245404.00000003,0.009584164142475792
2023-09-19,9.0,9.04,8.94,8.96,1377872.0,12389759.0,195245404.00000003,0.007057128986247481
2023-09-20,8.96,9.06,8.93,9.0,2145122.0,19361520.0,195245404.00000003,0.010986798951743825
2023-09-21,8.99,9.02,8.83,8.83,1570450.0,13972965.0,195245404.00000003,0.008043467184507963
2023-09-22,8.84,9.0,8.8,8.98,1887510.0,16857840.0,195245404.00000003,0.009667372247082445
2023-09-25,9.01,9.02,8.9,8.95,1415168.0,12668536.0,195245404.00000003,0.0072481501280306695
2023-09-26,8.93,8.99,8.88,8.91,1482796.0,13256007.0,195245404.00000003,0.0075945244785377885
2023-09-27,8.91,8.97,8.88,8.94,1421048.0,12709618.0,195245404.00000003,0.007278266073807298
2023-09-28,8.92,9.06,8.92,8.99,2178193.0,19587485.0,195245404.00000003,0.01115618065969942
2023-10-09,8.98,9.02,8.9,8.93,1843974.0,16489238.0,195245404.00000003,0.009444391326107731
2023-10-10,8.97,8.99,8.81,8.82,2848496.0,25313833.0,195245404.00000003,0.014589311408323853
2023-10-11,8.83,8.85,8.75,8.78,2292604.0,20142724.0,195245404.00000003,0.011742166284231713
2023-10-12,8.8,8.8,8.68,8.7,3293336.0,28688853.0,195245404.00000003,0.016867674897996572
2023-10-13,8.7,8.71,8.58,8.63,3160444.0,27260600.0,195245404.00000003,0.016187034036406815
2023-10-16,8.62,8.76,8.62,8.64,2086436.0,18096776.0,195245404.00000003,0.01068622337455892
2023-10-17,8.63,8.69,8.59,8.66,1587887.0,13731894.0,195245404.00000003,0.008132775304662228
2023-10-18,8.63,8.64,8.47,8.49,2588242.0,22063095.0,195245404.00000003,0.013256353015100933
2023-10-19,8.47,8.59,8.41,8.46,1935165.0,16458720.0,195245404.00000003,0.009911449695379255
2023-10-20,8.46,8.55,8.45,8.46,1312648.0,11148062.0,195245404.00000003,0.0067230673455442765
2023-10-23,8.47,8.51,8.19,8.22,2562828.0,21280439.0,195245404.00000003,0.013126188619528271
2023-10-24,8.22,8.55,8.22,8.5,2789918.0,23520896.0,195245404.00000003,0.014289288981163417
2023-10-25,8.65,8.8,8.58,8.79,5035760.0,44087011.0,195245404.00000003,0.025791951548319158
2023-10-26,8.72,8.79,8.46,8.59,5396453.0,46249353.0,195245404.00000003,0.027639334342538475
2023-10-27,8.58,8.64,8.5,8.56,3554357.0,30401460.0,195245404.00000003,0.018204561680745118
2023-10-30,8.54,8.57,8.51,8.54,3208481.0,27409417.0,195245404.00000003,0.01643306799682721
2023-10-31,8.55,8.57,8.48,8.53,2270908.0,19345854.0,195245404.00000003,0.011631044590427336
2023-11-01,8.54,8.55,8.46,8.53,2245325.0,19125993.0,195245404.00000003,0.01150001461750157
2023-11-02,8.51,8.55,8.4,8.41,3032655.0,25637397.0,195245404.00000003,0.015532529513473206
2023-11-03,8.45,8.48,8.4,8.41,2189108.0,18483433.0,195245404.00000003,0.011212084664487159
2023-11-06,8.42,8.53,8.42,8.53,2894009.0,24554859.0,195245404.00000003,0.014822418047802035
2023-11-07,8.53,8.59,8.49,8.58,2812264.0,24037938.0,195245404.00000003,0.014403739818633578
2023-11-08,8.57,8.59,8.49,8.5,2549641.0,21733615.0,195245404.00000003,0.013058647977188746
2023-11-09,8.49,8.57,8.46,8.48,2259373.0,19239926.0,195245404.00000003,0.011571965094758387
2023-11-10,8.45,8.56,8.43,8.54,2702880.0,22971630.0,195245404.00000003,0.013843501279036507
2023-11-13,8.56,8.61,8.51,8.56,2753836.0,23572497.0,195245404.00000003,0.014104485655396013
2023-11-14,8.59,8.6,8.5,8.53,2680849.0,22847005.0,195245404.00000003,0.01373066379580438
2023-11-15,8.55,8.6,8.53,8.55,2617808.0,22420979.0,195245404.00000003,0.013407782956058724
2023-11-16,8.57,8.58,8.52,8.56,2194204.0,18754672.0,195245404.00000003,0.011238185150826903
2023-11-17,8.55,8.98,8.53,8.84,9365569.0,82262769.0,195245404.00000003,0.047968191865863326
2023-11-20,8.84,8.92,8.75,8.83,4991024.0,44010682.0,195245404.00000003,0.02556282451596146
2023-11-21,8.81,8.83,8.67,8.71,3656136.0,31967093.0,195245404.00000003,0.018725849239452516
2023-11-22,8.72,8.74,8.64,8.65,2306097.0,20046259.0,195245404.00000003,0.011811274184973899
2023-11-23,8.67,8.72,8.64,8.71,2004201.0,17415907.0,195245404.00000003,0.01026503548324241
2023-11-24,8.71,8.74,8.61,8.64,2135156.0,18510712.0,195245404.00000003,0.010935755496708131
2023-11-27,8.61,8.66,8.57,8.63,1979632.0,17043685.0,195245404.00000003,0.010139198974435269
2023-11-28,8.64,8.68,8.58,8.63,3665116.0,31641686.0,195245404.00000003,0.018771842639635192
2023-11-29,8.64,8.66,8.52,8.52,4404172.0,37769352.0,195245404.00000003,0.022557109718188292
2023-11-30,8.51,8.57,8.46,8.51,2535928.0,21590666.0,195245404.00000003,0.01298841328935968
2023-12-01,8.54,8.54,8.45,8.47,2420892.0,20552879.0,195245404.00000003,0.012399226565148748
2023-12-04,8.45,8.53,8.44,8.47,2289272.0,19401746.0,195245404.00000003,0.011725100581624957
2023-12-05,8.47,8.48,8.35,8.35,2653956.0,22288317.0,195245404.00000003,0.013592924317952188
2023-12-06,8.35,8.43,8.32,8.38,2180552.0,18290493.0,195245404.00000003,0.011168262890326472
2023-12-07,8.36,8.37,8.28,8.31,2201724.0,18312391.0,195245404.00000003,0.011276700782160278
2023-12-08,8.32,8.37,8.06,8.09,6477432.0,52911335.0,195245404.00000003,0.033175848789762034
2023-12-11,8.09,8.21,8.04,8.19,3198872.0,26014587.0,195245404.00000003,0.016383853009927955
2023-12-12,8.17,8.25,8.15,8.24,1922356.0,15783464.0,195245404.00000003,0.009845845078125371
2023-12-13,8.24,8.3,8.2,8.21,2065856.0,17042962.0,195245404.00000003,0.01058081756434072
2023-12-14,8.21,8.31,8.21,8.29,2410280.0,19939310.0,195245404.00000003,0.012344874453485213
2023-12-15,8.28,8.34,8.24,8.28,1690868.0,14019317.0,195245404.00000003,0.008660219218271585
2023-12-18,8.28,8.28,8.08,8.1,2708120.0,22091504.0,195245404.00000003,0.01387033929874221
2023-12-19,8.1,8.15,7.98,8.02,2643308.0,21239574.0,195245404.00000003,0.013538387822947164
2023-12-20,8.04,8.13,8.01,8.02,1642920.0,13269016.0,195245404.00000003,0.008414641094445428
2023-12-21,8.0,8.11,7.89,8.09,2276876.0,18172220.0,195245404.00000003,0.011661611251038716
2023-12-22,8.06,8.1,7.99,8.01,1974932.0,15875430.0,195245404.00000003,0.010115126704851908
2023-12-25,8.0,8.0,7.84,7.87,2359660.0,18629753.0,195245404.00000003,0.012085610988312942
2023-12-26,7.89,8.66,7.8,8.66,21062203.0,179909912.0,195245404.00000003,0.10787553800754253
2023-12-27,8.46,8.59,8.18,8.24,25093428.0,209634679.0,195245404.00000003,0.12852250289077224
2023-12-28,8.31,8.43,8.16,8.3,15503230.0,128805512.0,195245404.00000003,0.07940381531336839
2023-12-29,8.26,8.35,8.25,8.31,9787591.0,81291178.0,195245404.00000003,0.05012968704758858
2024-01-02,8.31,8.38,8.28,8.33,7681944.0,64049751.0,195245404.00000003,0.03934506955154754
2024-01-03,8.3,8.63,8.29,8.51,13823311.0,116861199.0,195245404.00000003,0.07079967423970707
2024-01-04,8.51,8.58,8.39,8.44,6532196.0,55226433.0,195245404.00000003,0.03345633682624355
2024-01-05,8.44,8.48,8.26,8.27,5217495.0,43594478.0,195245404.00000003,0.026722754508474878
2024-01-08,8.36,8.36,8.15,8.15,3603503.0,29652138.0,195245404.00000003,0.01845627567243529
2024-01-09,8.16,8.22,8.12,8.18,3672148.0,29996431.0,195245404.00000003,0.018807858852339487
2024-01-10,8.17,8.2,8.02,8.09,3062700.0,24816528.0,195245404.00000003,0.015686412777224705
2024-01-11,8.09,8.26,8.06,8.25,3372896.0,27638791.0,195245404.00000003,0.01727516208268851
2024-01-12,8.31,8.49,8.31,8.31,6245980.0,52464084.0,195245404.00000003,0.03199040731324974
2024-01-15,8.28,8.46,8.23,8.24,5704248.0,47455223.0,195245404.00000003,0.029215786303476824
2024-01-16,8.27,8.28,8.02,8.13,3885092.0,31529123.0,195245404.00000003,0.019898506804288205
2024-01-17,8.11,8.16,7.97,7.99,3590484.0,28844438.0,195245404.00000003,0.018389595485689383
2024-01-18,7.96,8.0,7.66,7.84,6390348.0,49736774.0,195245404.00000003,0.032729825486698776
2024-01-19,7.9,7.96,7.78,7.82,3429608.0,27008377.0,195245404.00000003,0.017565627306648405
2024-01-22,7.79,7.79,7.21,7.29,6325612.0,47395381.0,195245404.00000003,0.03239826326462465
2024-01-23,7.29,7.3,7.05,7.22,4381251.0,31420018.0,195245404.00000003,0.022439713869013785
2024-01-24,7.22,7.37,7.09,7.36,4110213.0,29805875.0,195245404.00000003,0.02105152242149577
2024-01-25,7.35,7.69,7.35,7.66,4867800.0,36679186.0,195245404.00000003,0.024931700825080623
2024-01-26,7.7,7.86,7.67,7.77,4977536.0,38848169.0,195245404.00000003,0.0254937422240167
2024-01-29,7.78,7.8,7.56,7.6,3033700.0,23196632.0,195245404.00000003,0.01553788175213589
2024-01-30,7.6,7.64,7.39,7.41,3186395.0,23946210.0,195245404.00000003,0.016319948816823363
2024-01-31,7.4,7.44,7.09,7.12,3523294.0,25539559.0,195245404.00000003,0.018045464465837054
2024-02-01,7.16,7.18,6.86,7.0,3749542.0,26310922.0,195245404.00000003,0.019204252305985135
2024-02-02,7.0,7.06,6.39,6.59,4962772.0,33282960.0,195245404.00000003,0.025418124566968035
2024-02-05,6.59,6.6,5.93,5.93,5993500.0,36243085.0,195245404.00000003,0.03069726547826959
2024-02-06,5.54,6.09,5.46,5.89,5973620.0,34359005.0,195245404.00000003,0.030595444899691463
2024-02-07,5.89,5.99,5.58,5.82,5971347.0,34540869.0,195245404.00000003,0.03058380314038019
2024-02-08,5.79,6.33,5.7,6.31,5823812.0,35056504.0,195245404.00000003,0.029828164354639555
2024-02-19,6.36,6.62,6.36,6.46,4467522.0,28907697.0,195245404.00000003,0.02288157318161507
2024-02-20,6.5,6.5,6.3,6.45,2699348.0,17304939.0,195245404.00000003,0.013825411224532586
2024-02-21,6.43,6.66,6.36,6.53,3481569.0,22806637.0,195245404.00000003,0.01783175905129116
2024-02-22,6.52,6.61,6.4,6.57,2705529.0,17673640.0,195245404.00000003,0.013857068819914447
2024-02-23,6.63,6.69,6.56,6.68,3898368.0,25848700.0,195245404.00000003,0.019966503283221967
2024-02-26,6.73,6.84,6.66,6.78,4531268.0,30626776.0,195245404.00000003,0.023208064861798227
2024-02-27,6.81,7.02,6.76,7.0,4067879.0,28178115.0,195245404.00000003,0.02083469785542301
2024-02-28,6.99,7.15,6.5,6.5,6884944.0,47083642.0,195245404.00000003,0.03526302724134801
2024-02-29,6.5,6.71,6.46,6.7,4571912.0,30323409.0,195245404.00000003,0.02341623365433995
2024-03-01,6.7,6.8,6.63,6.72,3025663.0,20320755.0,195245404.00000003,0.015496718171148343
2024-03-04,6.7,6.74,6.52,6.64,2735920.0,18102246.0,195245404.00000003,0.01401272421244804
2024-03-05,6.65,6.7,6.5,6.55,2774986.0,18268019.0,195245404.00000003,0.014212810868521133
2024-03-06,6.54,6.63,6.49,6.58,2723448.0,17883195.0,195245404.00000003,0.01394884562814088
2024-03-07,6.61,6.7,6.56,6.59,2833808.0,18791842.0,195245404.00000003,0.01451408300499611
2024-03-08,6.62,6.65,6.53,6.62,1672208.0,11028832.0,195245404.00000003,0.00856464718626616
2024-03-11,6.67,6.8,6.63,6.79,2759122.0,18544800.0,195245404.00000003,0.014131559276038066
2024-03-12,6.99,7.1,6.84,6.94,5084376.0,35268569.0,195245404.00000003,0.02604095100748184
2024-03-13,6.94,7.02,6.85,6.97,3642819.0,25296979.0,195245404.00000003,0.018657642768379834
2024-03-14,7.05,7.09,6.95,7.03,3858592.0,27134772.0,195245404.00000003,0.01976278017791394
2024-03-15,7.03,7.17,7.01,7.17,3861712.0,27469771.0,195245404.00000003,0.019778760067509706
2024-03-18,7.17,7.24,7.15,7.22,2659889.0,19116347.0,195245404.00000003,0.013623311716981567
2024-03-19,7.24,7.26,7.15,7.19,2428112.0,17522135.0,195245404.00000003,0.012436205668636378
2024-03-20,7.19,7.29,7.19,7.27,3559514.0,25805779.0,195245404.00000003,0.018230974594413498
2024-03-21,7.27,7.34,7.23,7.32,2963877.0,21613184.0,195245404.00000003,0.015180265139557393
2024-03-22,7.3,7.32,7.15,7.19,2951512.0,21294535.0,195245404.00000003,0.015116934583515214
2024-03-25,7.1,7.26,7.07,7.1,3052324.0,21834569.0,195245404.00000003,0.015633269400799822
2024-03-26,7.2,7.25,7.01,7.13,3531776.0,25136976.0,461760000.0,0.007648510048510048
2024-03-27,7.1,7.16,6.96,6.96,3316730.0,23424554.0,461760000.0,0.007182800589050589
2024-03-28,6.97,7.11,6.93,7.06,2887916.0,20348636.0,461760000.0,0.006254149341649341
2024-03-29,7.1,7.28,7.09,7.28,3253924.0,23426708.0,461760000.0,0.007046786209286209
2024-04-01,7.29,7.34,7.26,7.31,3008445.0,21943637.0,461760000.0,0.0065151702182952185
2024-04-02,7.32,7.39,7.29,7.36,3197003.0,23536288.0,461760000.0,0.0069235165453915455
2024-04-03,7.36,7.42,7.29,7.39,3083340.0,22658117.0,461760000.0,0.0066773648648648645
2024-04-08,7.39,7.4,7.2,7.21,3244660.0,23597816.0,461760000.0,0.007026723839223839
2024-04-09,7.22,7.29,7.2,7.23,2738400.0,19841102.0,461760000.0,0.00593035343035343
2024-04-10,7.24,7.28,7.08,7.16,3011481.0,21559348.0,461760000.0,0.006521745062370062
2024-04-11,7.09,7.39,7.05,7.22,3422712.0,24814493.0,461760000.0,0.007412318087318087
2024-04-12,7.19,7.25,7.08,7.1,2793326.0,19974830.0,461760000.0,0.006049302668052668
2024-04-15,7.09,7.17,6.77,6.85,5149008.0,35530402.0,461760000.0,0.011150831600831601
2024-04-16,6.85,6.86,6.24,6.24,5427508.0,35030321.0,461760000.0,0.011753958766458766
2024-04-17,6.33,6.79,6.32,6.77,5399664.0,35792840.0,461760000.0,0.011693659043659044
2024-04-18,6.8,6.88,6.7,6.72,3469130.0,23466977.0,461760000.0,0.007512842169092169
2024-04-19,6.72,6.88,6.67,6.74,2721842.0,18390058.0,461760000.0,0.005894494975744975
2024-04-22,6.74,6.8,6.62,6.65,2361660.0,15806535.0,461760000.0,0.005114475051975052
2024-04-23,6.65,6.8,6.64,6.75,2401636.0,16231739.0,461760000.0,0.0052010481635481635
2024-04-24,6.76,6.91,6.76,6.9,2395728.0,16419336.0,461760000.0,0.005188253638253639
2024-04-25,6.9,6.9,6.68,6.72,4794164.0,32240470.0,461760000.0,0.010382371794871795
2024-04-26,6.69,6.7,6.54,6.66,3970924.0,26232012.0,461760000.0,0.008599540887040886
2024-04-29,6.64,6.85,6.61,6.85,3707008.0,25148590.0,461760000.0,0.008027997227997227
2024-04-30,6.85,6.93,6.82,6.87,2824568.0,19408482.0,461760000.0,0.006116961191961192
2024-05-06,6.92,7.14,6.91,7.13,2985004.0,21076301.0,461760000.0,0.0064644057519057515
2024-05-07,7.14,7.18,7.07,7.13,2225228.0,15819294.0,461760000.0,0.004819014206514207
2024-05-08,7.12,7.14,7.06,7.07,1963096.0,13927227.0,461760000.0,0.004251334026334026
2024-05-09,7.06,7.22,7.05,7.19,1955883.0,14056324.0,461760000.0,0.004235713357588358
2024-05-10,7.19,7.23,7.08,7.15,2686844.0,19208174.0,461760000.0,0.005818702356202356
2024-05-13,7.39,7.49,7.15,7.15,5888578.0,42749224.0,461760000.0,0.012752464483714483
2024-05-14,7.16,7.2,7.06,7.12,3963248.0,28312146.0,461760000.0,0.008582917532917534
2024-05-15,7.09,7.17,7.03,7.03,2482864.0,17611357.0,461760000.0,0.005376957726957727
2024-05-16,7.07,7.22,7.06,7.06,3409340.0,24346778.0,461760000.0,0.007383359320859321
2024-05-17,7.07,7.15,7.06,7.11,2081780.0,14788098.0,461760000.0,0.004508359320859321
2024-05-20,7.15,7.18,7.08,7.13,2514148.0,17950164.0,461760000.0,0.005444707207207207
2024-05-21,7.14,7.19,7.08,7.13,3109184.0,22160784.0,461760000.0,0.006733333333333333
2024-05-22,7.2,7.2,7.12,7.16,2016456.0,14440514.0,461760000.0,0.004366891891891892
2024-05-23,7.14,7.15,6.92,6.93,3708052.0,25926113.0,461760000.0,0.008030258142758142
2024-05-24,6.93,7.07,6.92,6.98,2549612.0,17849104.0,461760000.0,0.005521509009009009
2024-05-27,6.77,6.81,6.65,6.71,2206024.0,14806239.0,461760000.0,0.004777425502425502
2024-05-28,6.69,6.75,6.68,6.72,2246443.0,15085454.0,461760000.0,0.0048649579868329865
2024-05-29,6.72,6.82,6.66,6.76,2057468.0,13936732.0,461760000.0,0.004455708593208593
2024-05-30,6.76,6.8,6.64,6.65,1756551.0,11764960.0,461760000.0,0.0038040345634095633
2024-05-31,6.65,6.68,6.58,6.6,1985028.0,13138792.0,461760000.0,0.004298830561330561
2024-06-03,6.61,6.61,6.39,6.44,2597107.0,16839387.0,461760000.0,0.005624365471240471
2024-06-04,6.46,6.47,6.3,6.38,2205172.0,14023061.0,461760000.0,0.004775580388080388
2024-06-05,6.35,6.4,6.24,6.24,1881516.0,11856916.0,461760000.0,0.004074662162162162
2024-06-06,6.25,6.3,5.94,6.01,3319705.0,20165805.0,461760000.0,0.00718924332986833
2024-06-07,6.02,6.34,6.02,6.31,2886364.0,17910581.0,461760000.0,0.006250788288288288
2024-06-11,6.32,6.32,6.14,6.19,1848937.0,11440861.0,461760000.0,0.004004108194733195
2024-06-12,6.2,6.34,6.19,6.32,1782076.0,11190074.0,461760000.0,0.003859312196812197
2024-06-13,6.34,6.39,6.24,6.29,1298668.0,8169972.0,461760000.0,0.0028124306999307
2024-06-14,6.28,6.34,6.22,6.31,1376752.0,8675936.0,461760000.0,0.0029815315315315314
2024-06-17,6.28,6.32,6.21,6.22,1170932.0,7316541.0,461760000.0,0.002535802148302148
2024-06-18,6.22,6.25,6.17,6.21,892972.0,5552058.0,461760000.0,0.0019338444213444213
2024-06-19,6.21,6.26,6.16,6.21,858280.0,5332788.0,461760000.0,0.0018587144837144836
2024-06-20,6.19,6.21,6.04,6.06,1118200.0,6841479.0,461760000.0,0.0024216042966042966
2024-06-21,6.05,6.14,6.01,6.08,1354181.0,8242919.0,461760000.0,0.0029326511607761607
2024-06-24,6.08,6.09,5.81,5.85,2147277.0,12705562.0,461760000.0,0.004650201403326403
2024-06-25,5.85,5.99,5.85,5.91,1106048.0,6542433.0,461760000.0,0.002395287595287595
2024-06-26,5.92,6.04,5.88,6.03,1174288.0,7001009.0,461760000.0,0.0025430699930699932
2024-06-27,6.05,6.08,5.96,5.96,983460.0,5911545.0,461760000.0,0.002129807692307692
2024-06-28,5.94,6.04,5.92,5.93,1100940.0,6591504.0,461760000.0,0.0023842255717255716
2024-07-01,5.95,6.04,5.94,6.02,1048248.0,6285231.0,461760000.0,0.0022701143451143452
2024-07-02,6.02,6.12,6.0,6.08,1199944.0,7284755.0,461760000.0,0.0025986313236313237
2024-07-03,6.09,6.14,6.02,6.04,814192.0,4938537.0,461760000.0,0.0017632363132363132
2024-07-04,6.02,6.1,5.9,5.9,1340352.0,8008873.0,461760000.0,0.0029027027027027025
2024-07-05,5.91,5.95,5.85,5.94,937448.0,5537632.0,461760000.0,0.0020301628551628553
2024-07-08,5.92,5.96,5.75,5.76,1374472.0,7992376.0,461760000.0,0.0029765939015939016
2024-07-09,5.78,5.85,5.63,5.82,1856474.0,10679362.0,461760000.0,0.004020430526680527
2024-07-10,5.83,5.84,5.68,5.71,1170642.0,6746856.0,461760000.0,0.0025351741164241163
2024-07-11,5.79,5.91,5.78,5.88,1500116.0,8777553.0,461760000.0,0.0032486919611919613
2024-07-12,5.86,5.95,5.85,5.87,1590196.0,9390011.0,461760000.0,0.0034437716562716564
2024-07-15,5.91,5.91,5.7,5.72,1435315.0,8249032.0,461760000.0,0.003108357155232155
2024-07-16,5.71,5.73,5.63,5.67,1019756.0,5778880.0,461760000.0,0.002208411295911296
2024-07-17,5.68,5.69,5.6,5.63,1119272.0,6310312.0,461760000.0,0.002423925848925849
2024-07-18,5.6,5.7,5.5,5.68,2133980.0,11924784.0,461760000.0,0.004621405058905059
2024-07-19,5.79,5.79,5.55,5.61,2531304.0,14259391.0,461760000.0,0.005481860706860707
2024-07-22,5.6,5.66,5.53,5.63,1641216.0,9208915.0,461760000.0,0.003554261954261954
2024-07-23,5.68,5.93,5.62,5.62,3522943.0,20257791.0,461760000.0,0.007629381063756064
2024-07-24,5.55,5.83,5.51,5.67,4039510.0,22941959.0,461760000.0,0.008748072591822592
2024-07-25,5.65,5.82,5.63,5.8,3033177.0,17428393.0,461760000.0,0.006568730509355509
2024-07-26,5.8,5.81,5.75,5.78,1784752.0,10307268.0,461760000.0,0.003865107415107415
2024-07-29,5.78,5.78,5.72,5.73,1021888.0,5872735.0,461760000.0,0.002213028413028413
2024-07-30,5.74,5.8,5.72,5.76,1338536.0,7714686.0,461760000.0,0.0028987699237699237
2024-07-31,5.76,5.92,5.73,5.9,2704578.0,15806968.0,461760000.0,0.005857107588357589
2024-08-01,5.9,5.93,5.86,5.86,1683608.0,9913609.0,461760000.0,0.003646067221067221
2024-08-02,5.84,5.89,5.77,5.78,1745500.0,10163236.0,461760000.0,0.0037801022176022175
2024-08-05,5.71,5.83,5.65,5.66,1660560.0,9527382.0,461760000.0,0.003596153846153846
2024-08-06,5.75,5.76,5.7,5.74,1153428.0,6608671.0,461760000.0,0.0024978950103950103
2024-08-07,5.73,5.84,5.73,5.74,1584978.0,9160920.0,461760000.0,0.0034324714137214138
2024-08-08,5.72,5.78,5.66,5.76,1738632.0,9962377.0,461760000.0,0.0037652286902286904
2024-08-09,5.76,5.88,5.72,5.73,1313844.0,7597512.0,461760000.0,0.0028452962577962576
2024-08-12,5.74,5.87,5.72,5.76,1887820.0,10903340.0,461760000.0,0.004088314275814276
2024-08-13,5.75,5.83,5.67,5.82,1711760.0,9885883.0,461760000.0,0.003707033957033957
2024-08-14,5.82,5.88,5.8,5.86,1965280.0,11472009.0,461760000.0,0.004256063756063756
2024-08-15,5.84,5.89,5.8,5.82,1847900.0,10788225.0,461760000.0,0.00400186243936244
2024-08-16,5.82,5.84,5.75,5.76,1527312.0,8835507.0,461760000.0,0.0033075883575883576
2024-08-19,5.74,5.8,5.7,5.72,1663092.0,9525731.0,461760000.0,0.003601637214137214
2024-08-20,5.76,5.83,5.64,5.66,3496959.0,20051851.0,461760000.0,0.007573109407484407
2024-08-21,5.65,5.71,5.62,5.65,1282772.0,7271686.0,461760000.0,0.0027780058905058904
2024-08-22,5.67,5.72,5.57,5.59,1279404.0,7185488.0,461760000.0,0.0027707120582120583
2024-08-23,5.57,5.58,5.47,5.55,1482892.0,8192795.0,461760000.0,0.0032113911988911987
2024-08-26,5.54,5.65,5.51,5.63,1675578.0,9400989.0,461760000.0,0.003628677234927235
2024-08-27,5.65,5.68,5.57,5.65,1218430.0,6849185.0,461760000.0,0.0026386651074151073
2024-08-28,5.72,5.75,5.56,5.7,1745560.0,9915937.0,461760000.0,0.0037802321552321554
2024-08-29,5.67,5.72,5.63,5.7,1172220.0,6665026.0,461760000.0,0.002538591476091476
2024-08-30,5.66,5.85,5.66,5.79,1891928.0,10945187.0,461760000.0,0.004097210672210672
2024-09-02,5.8,5.84,5.71,5.74,1451652.0,8388382.0,461760000.0,0.0031437370062370063
2024-09-03,5.7,5.76,5.68,5.7,1227214.0,7006799.0,461760000.0,0.0026576879764379766
2024-09-04,5.68,5.73,5.61,5.63,1122116.0,6363818.0,461760000.0,0.0024300848925848926
2024-09-05,5.63,5.69,5.63,5.67,773804.0,4382371.0,461760000.0,0.0016757709632709632
2024-09-06,5.67,5.71,5.62,5.62,1286820.0,7271035.0,461760000.0,0.002786772349272349
2024-09-09,5.61,5.65,5.56,5.61,1056280.0,5920575.0,461760000.0,0.0022875086625086627
2024-09-10,5.61,5.68,5.52,5.6,1427244.0,7971352.0,461760000.0,0.0030908783783783786
2024-09-11,5.6,5.65,5.55,5.55,987716.0,5516062.0,461760000.0,0.0021390246015246016
2024-09-12,5.55,5.62,5.55,5.57,661316.0,3690092.0,461760000.0,0.0014321638946638946
2024-09-13,5.57,5.59,5.54,5.54,920628.0,5119074.0,461760000.0,0.0019937370062370063
2024-09-18,5.54,5.55,5.36,5.44,1448360.0,7866435.0,461760000.0,0.0031366077616077617
2024-09-19,5.45,5.62,5.44,5.6,1933356.0,10745728.0,461760000.0,0.004186928274428275
2024-09-20,5.59,5.64,5.55,5.58,810148.0,4519938.0,461760000.0,0.001754478516978517
2024-09-23,5.6,5.65,5.55,5.62,1041780.0,5844485.0,461760000.0,0.0022561070686070686
2024-09-24,5.62,5.78,5.62,5.77,2010381.0,11484815.0,461760000.0,0.004353735706860707
2024-09-25,5.8,5.92,5.77,5.78,2683400.0,15723269.0,461760000.0,0.005811243936243936
2024-09-26,5.77,5.92,5.77,5.91,2454944.0,14399515.0,461760000.0,0.005316493416493416
2024-09-27,5.96,6.07,5.91,6.06,3296736.0,19772511.0,461760000.0,0.007139501039501039
2024-09-30,6.28,6.56,6.12,6.49,12131088.0,77682554.0,461760000.0,0.02627141372141372
2024-10-08,7.13,7.14,6.57,6.82,13871932.0,95334905.0,461760000.0,0.03004143277893278
2024-10-09,6.77,6.77,6.32,6.34,7464912.0,48493053.0,461760000.0,0.016166216216216216
2024-10-10,6.33,6.5,6.26,6.39,4433511.0,28383343.0,461760000.0,0.009601331860706861
2024-10-11,6.39,6.42,6.2,6.24,3353793.0,21099910.0,461760000.0,0.007263065228690229
2024-10-14,6.31,6.36,6.19,6.34,3062631.0,19273638.0,461760000.0,0.006632516891891892
2024-10-15,6.34,6.39,6.27,6.27,2744848.0,17391995.0,461760000.0,0.005944317394317394
2024-10-16,6.45,6.9,6.45,6.9,16221469.0,109342509.0,461760000.0,0.035129653932778934
2024-10-17,7.07,7.38,6.89,6.91,29634804.0,210442809.0,461760000.0,0.0641779365904366
2024-10-18,6.9,6.91,6.53,6.78,18663546.0,124399993.0,461760000.0,0.040418282224532226
2024-10-21,6.65,6.77,6.56,6.73,12904792.0,85768953.0,461760000.0,0.027946968121968122
2024-10-22,6.71,6.71,6.6,6.66,7394240.0,49056124.0,461760000.0,0.016013167013167014
2024-10-23,6.63,6.69,6.61,6.69,7056156.0,46915689.0,461760000.0,0.015281003118503118
2024-10-24,6.68,6.68,6.6,6.62,4145672.0,27474836.0,461760000.0,0.008977979902979903
2024-10-25,6.6,6.66,6.6,6.64,4711346.0,31258153.0,461760000.0,0.010203018884268885
2024-10-28,6.64,6.82,6.63,6.8,7396180.0,49607919.0,461760000.0,0.01601736832986833
2024-10-29,6.77,6.78,6.64,6.65,5547784.0,37146252.0,461760000.0,0.012014431739431739
2024-10-30,6.61,6.67,6.6,6.64,3262848.0,21640920.0,461760000.0,0.007066112266112266
2024-10-31,6.61,6.73,6.61,6.66,5326650.0,35582614.0,461760000.0,0.011535537941787941
2024-11-01,6.67,6.69,6.42,6.44,6424956.0,41878968.0,461760000.0,0.013914059251559252
2024-11-04,6.45,6.5,6.37,6.49,3406664.0,21941059.0,461760000.0,0.007377564102564103
2024-11-05,6.52,6.58,6.47,6.57,4235376.0,27694276.0,461760000.0,0.009172245322245321
2024-11-06,6.57,6.73,6.56,6.67,6155424.0,40796173.0,461760000.0,0.01333035343035343
2024-11-07,6.77,6.9,6.67,6.85,9234456.0,62893789.0,461760000.0,0.019998388773388772
2024-11-08,6.91,6.92,6.71,6.74,6522136.0,44258648.0,461760000.0,0.0141245148995149
2024-11-11,6.7,6.92,6.7,6.86,5705566.0,38898841.0,461760000.0,0.012356128724878726
2024-11-12,6.86,6.9,6.78,6.86,5963996.0,40842256.0,461760000.0,0.012915791753291753
2024-11-13,6.81,6.97,6.79,6.96,6488012.0,44823043.0,461760000.0,0.014050615038115038
2024-11-14,6.96,6.96,6.8,6.81,4837556.0,33216185.0,461760000.0,0.010476342688842689
2024-11-15,6.81,6.84,6.64,6.64,4431512.0,29908065.0,461760000.0,0.009597002772002773
2024-11-18,6.64,6.77,6.59,6.6,4169308.0,27819387.0,461760000.0,0.009029166666666666
2024-11-19,6.6,6.67,6.53,6.65,3001268.0,19811404.0,461760000.0,0.006499627512127512
2024-11-20,6.65,6.82,6.65,6.8,4029059.0,27160354.0,461760000.0,0.008725439622314621
2024-11-21,6.79,6.84,6.75,6.82,3412788.0,23217598.0,461760000.0,0.007390826403326403
2024-11-22,6.78,6.84,6.61,6.64,3730568.0,25182777.0,461760000.0,0.008079019404019405
2024-11-25,6.65,6.75,6.61,6.75,3096668.0,20712274.0,461760000.0,0.006706228343728343
2024-11-26,6.75,6.82,6.7,6.77,3036740.0,20581502.0,461760000.0,0.006576446638946639
2024-11-27,6.78,6.85,6.59,6.84,4145292.0,27841348.0,461760000.0,0.008977156964656965
2024-11-28,6.82,7.2,6.78,7.06,11721660.0,82545856.0,461760000.0,0.02538474532224532
2024-11-29,7.04,7.3,7.0,7.14,11221790.0,80708087.0,461760000.0,0.024302213270963272
2024-12-02,7.15,7.23,7.06,7.22,5887252.0,42266875.0,461760000.0,0.012749592862092863
2024-12-03,7.22,7.55,7.16,7.43,9630363.0,71403935.0,461760000.0,0.020855775727650728
2024-12-04,7.38,7.48,7.19,7.23,7728524.0,56644454.0,461760000.0,0.016737101524601526
2024-12-05,7.22,7.25,7.09,7.11,5789224.0,41336970.0,461760000.0,0.012537300762300762
2024-12-06,7.15,7.82,7.14,7.82,8153095.0,63219954.0,461760000.0,0.017656564015939017
2024-12-09,8.18,8.32,7.85,7.87,30322593.0,244802287.0,461760000.0,0.06566743113305613
2024-12-10,7.99,8.03,7.6,7.88,18183514.0,142774627.0,461760000.0,0.039378711884961885
2024-12-11,7.77,7.95,7.72,7.89,11708995.0,91549580.0,461760000.0,0.025357317654192656
2024-12-12,7.86,7.95,7.8,7.92,7748983.0,61115417.0,461760000.0,0.01678140809078309
2024-12-13,7.98,7.98,7.67,7.67,7430900.0,57671882.0,461760000.0,0.016092558905058906
2024-12-16,7.61,7.94,7.61,7.69,4865796.0,37642911.0,461760000.0,0.0105375
2024-12-17,7.69,7.77,7.34,7.37,6614768.0,49398935.0,461760000.0,0.014325121275121274
2024-12-18,7.39,7.56,7.35,7.51,5079030.0,37900726.0,461760000.0,0.010999285343035342
2024-12-19,7.46,7.54,7.27,7.54,4797280.0,35548834.0,461760000.0,0.01038911988911989
2024-12-20,7.59,7.79,7.48,7.67,4508108.0,34395231.0,461760000.0,0.00976288115038115
2024-12-23,7.68,8.44,7.55,8.44,25992071.0,214263690.0,461760000.0,0.05628913504851005
2024-12-24,8.5,8.95,8.41,8.88,48618008.0,424642584.0,461760000.0,0.10528847886347886
2024-12-25,8.31,8.5,7.99,8.15,30895275.0,253860248.0,461760000.0,0.06690764682952183
2024-12-26,8.11,8.23,7.98,8.13,18138030.0,146455592.0,461760000.0,0.0392802104989605
2024-12-27,8.13,8.14,7.92,8.02,14546112.0,116440335.0,461760000.0,0.0315014553014553
2024-12-30,8.03,8.82,8.03,8.82,8113244.0,70721467.0,461760000.0,0.01757026160776161
2024-12-31,9.7,9.7,8.53,8.93,61421710.0,574024685.0,461760000.0,0.13301652373527373
2025-01-02,8.85,9.35,8.19,8.54,39772663.0,349026140.0,461760000.0,0.08613275944213444
2025-01-03,8.59,8.68,7.69,7.69,28084063.0,225080188.0,461760000.0,0.06081960975398475
2025-01-06,7.51,7.59,7.03,7.35,21741045.0,159125878.0,461760000.0,0.04708299766112266
2025-01-07,7.21,7.34,7.0,7.22,16430036.0,117374023.0,461760000.0,0.03558133229383229
2025-01-08,7.21,7.33,6.97,7.12,14538304.0,103879158.0,461760000.0,0.03148454608454609
2025-01-09,7.01,7.14,6.96,7.02,10712196.0,75370461.0,461760000.0,0.023198622661122662
2025-01-10,7.02,7.11,6.85,6.85,10959960.0,76800187.0,461760000.0,0.02373518711018711
2025-01-13,6.63,6.76,6.54,6.73,8556039.0,57145052.0,461760000.0,0.018529190488565488
2025-01-14,6.76,6.95,6.76,6.94,9309311.0,63865827.0,461760000.0,0.020160496794871793
2025-01-15,6.94,7.06,6.81,6.98,10549848.0,73275866.0,461760000.0,0.022847037422037423
2025-01-16,6.96,7.05,6.88,6.95,8158908.0,56928328.0,461760000.0,0.017669152806652808
2025-01-17,7.11,7.17,6.98,7.07,10132132.0,71459035.0,461760000.0,0.021942420304920305
2025-01-20,7.08,7.2,7.03,7.11,7985072.0,56936709.0,461760000.0,0.017292688842688843
2025-01-21,7.14,7.16,6.92,6.98,6596296.0,46120428.0,461760000.0,0.01428511781011781
2025-01-22,6.98,7.0,6.87,6.88,4483900.0,31058670.0,461760000.0,0.009710455647955647
2025-01-23,6.99,7.0,6.82,6.82,5427948.0,37611643.0,461760000.0,0.011754911642411643
2025-01-24,6.8,6.9,6.78,6.88,4320064.0,29554419.0,461760000.0,0.009355647955647955
2025-01-27,6.9,7.08,6.88,6.88,4660148.0,32488837.0,461760000.0,0.010092143104643105
2025-02-05,6.9,6.93,6.83,6.93,3725732.0,25677703.0,461760000.0,0.00806854643104643
2025-02-06,6.9,7.03,6.88,7.03,4636328.0,32354916.0,461760000.0,0.010040557865557865
2025-02-07,7.04,7.17,7.0,7.11,7246936.0,51442464.0,461760000.0,0.015694161469161468
2025-02-10,7.15,7.19,7.11,7.19,5131636.0,36697713.0,461760000.0,0.011113210325710325
2025-02-11,7.19,7.21,7.08,7.19,6254432.0,44728732.0,461760000.0,0.013544767844767845
2025-02-12,7.18,7.43,7.18,7.38,9469354.0,69371831.0,461760000.0,0.020507090263340265
2025-02-13,7.39,7.45,7.25,7.25,5793300.0,42251108.0,461760000.0,0.012546127858627859
2025-02-14,7.21,7.96,7.19,7.94,20387813.0,154151469.0,461760000.0,0.04415240168052668
2025-02-17,7.87,7.98,7.61,7.84,15642182.0,122479002.0,461760000.0,0.03387513426888427
2025-02-18,7.82,7.85,7.52,7.58,9775836.0,74887272.0,461760000.0,0.02117081600831601
2025-02-19,7.56,7.59,7.5,7.58,7801780.0,58858135.0,461760000.0,0.016895746708246707
2025-02-20,7.58,7.58,7.44,7.53,6471836.0,48596283.0,461760000.0,0.014015583853083853
2025-02-21,7.56,7.61,7.48,7.55,8720872.0,65744507.0,461760000.0,0.018886157311157312
2025-02-24,7.62,7.74,7.55,7.72,9439056.0,72338503.0,461760000.0,0.02044147609147609
2025-02-25,7.66,7.78,7.56,7.68,7877652.0,60558116.0,461760000.0,0.017060057172557173
2025-02-26,7.64,7.76,7.63,7.69,6390003.0,49082521.0,461760000.0,0.013838364085239085
2025-02-27,7.69,7.74,7.51,7.59,6813560.0,51600898.0,461760000.0,0.01475563063063063
2025-02-28,7.65,7.76,7.58,7.58,9367524.0,71820074.0,461760000.0,0.02028656444906445
2025-03-03,7.62,8.17,7.58,7.98,17458802.0,138460781.0,461760000.0,0.03780925589050589
2025-03-04,7.9,8.0,7.85,7.94,8500732.0,67303772.0,461760000.0,0.018409416146916147
2025-03-05,7.92,7.98,7.81,7.88,6241652.0,49054826.0,461760000.0,0.01351709112959113
2025-03-06,8.53,8.67,8.45,8.67,44975922.0,388445277.0,461760000.0,0.09740107848232848
2025-03-07,8.44,8.72,8.27,8.29,38109652.0,322467901.0,461760000.0,0.08253129764379764
2025-03-10,8.29,8.45,8.23,8.32,15212594.0,126689479.0,461760000.0,0.03294480682605683
2025-03-11,8.17,8.48,8.17,8.46,13549916.0,113541598.0,461760000.0,0.02934406618156618
2025-03-12,8.49,8.64,8.45,8.6,15036363.0,128837030.0,461760000.0,0.03256315618503119
2025-03-13,8.6,8.67,8.38,8.55,15572532.0,132575272.0,461760000.0,0.03372429833679834
2025-03-14,8.53,8.86,8.48,8.83,15878903.0,137530587.0,461760000.0,0.0343877836971587
2025-03-17,8.85,8.91,8.63,8.66,13825720.0,121068156.0,461760000.0,0.029941354816354817
2025-03-18,8.64,8.83,8.6,8.77,9312528.0,81265936.0,461760000.0,0.02016746361746362
2025-03-19,8.95,9.15,8.77,8.86,14828236.0,131819407.0,461760000.0,0.0321124306999307
2025-03-20,8.64,9.06,8.64,9.05,14476220.0,129107742.0,461760000.0,0.03135009528759529
2025-03-21,9.08,9.08,8.86,8.97,10358728.0,92631960.0,461760000.0,0.022433142758142757
2025-03-24,8.93,9.08,8.57,8.74,11928556.0,104598423.0,461760000.0,0.02583280492030492
2025-03-25,8.72,8.8,8.56,8.57,8195304.0,70858732.0,461760000.0,0.017747972972972974
2025-03-26,8.58,8.7,8.54,8.63,6398216.0,55298479.0,461760000.0,0.013856150381150381
2025-03-27,8.63,8.67,8.48,8.54,5710804.0,48841309.0,461760000.0,0.01236747227997228
2025-03-28,8.53,8.62,8.31,8.33,7899052.0,66439355.0,461760000.0,0.017106401593901595
2025-03-31,8.34,8.44,8.2,8.4,7088080.0,59005826.0,461760000.0,0.0153501386001386
2025-04-01,8.4,8.57,8.4,8.48,5305632.0,45091781.0,461760000.0,0.01149002079002079
2025-04-02,8.48,8.54,8.41,8.43,4320336.0,36606254.0,461760000.0,0.009356237006237006
2025-04-03,8.39,8.7,8.35,8.52,6322972.0,53791271.0,461760000.0,0.01369319993069993
2025-04-07,8.0,8.23,7.67,7.67,8565536.0,67126748.0,461760000.0,0.01854975744975745
2025-04-08,7.65,7.76,7.36,7.5,8841828.0,66548354.0,461760000.0,0.01914810291060291
2025-04-09,7.37,7.64,6.95,7.59,10140992.0,74277051.0,461760000.0,0.02196160776160776
2025-04-10,7.69,7.84,7.66,7.74,6906904.0,53529191.0,461760000.0,0.014957778932778932
2025-04-11,7.69,7.84,7.68,7.78,5383220.0,41904425.0,461760000.0,0.01165804747054747
2025-04-14,7.81,8.05,7.81,7.94,5650560.0,45063736.0,461760000.0,0.012237006237006237
2025-04-15,7.92,8.05,7.92,8.05,4146924.0,33179470.0,461760000.0,0.008980691268191269
2025-04-16,8.02,8.04,7.78,7.94,4103524.0,32516982.0,461760000.0,0.008886703049203049
2025-04-17,7.85,8.09,7.85,7.99,3698704.0,29677682.0,461760000.0,0.00801001386001386
2025-04-18,8.0,8.03,7.88,7.97,3458912.0,27483758.0,461760000.0,0.007490713790713791
2025-04-21,7.97,8.12,7.97,8.05,3211472.0,25847816.0,461760000.0,0.006954851004851005
2025-04-22,8.02,8.1,8.02,8.07,3648228.0,29400408.0,461760000.0,0.007900701663201663
2025-04-23,8.07,8.19,8.04,8.09,3501520.0,28406937.0,461760000.0,0.007582986832986833
2025-04-24,8.06,8.18,8.04,8.12,3863660.0,31372600.0,461760000.0,0.008367247054747055
2025-04-25,8.1,8.24,8.1,8.24,4156336.0,34061883.0,461760000.0,0.009001074151074151
2025-04-28,8.23,8.38,8.12,8.34,6933360.0,57344231.0,461760000.0,0.015015072765072765
2025-04-29,8.33,8.38,8.23,8.27,6096184.0,50671056.0,461760000.0,0.013202061677061677
2025-04-30,8.29,8.33,7.86,7.88,14440459.0,115118873.0,461760000.0,0.03127265029452529
2025-05-06,8.39,8.67,8.11,8.19,19688316.0,163929855.0,461760000.0,0.04263755197505197
2025-05-07,8.2,8.35,8.04,8.11,15496216.0,126882827.0,461760000.0,0.03355902633402633
2025-05-08,8.07,8.2,8.06,8.13,9116342.0,74171819.0,461760000.0,0.019742597886347888
2025-05-09,8.1,8.15,8.03,8.09,5772908.0,46773939.0,461760000.0,0.01250196638946639
2025-05-12,8.12,8.18,8.02,8.06,6287820.0,50723458.0,461760000.0,0.013617073804573804
2025-05-13,8.12,8.12,8.05,8.11,4519016.0,36528658.0,461760000.0,0.009786503811503812
2025-05-14,8.11,8.11,7.94,8.02,5335448.0,42674321.0,461760000.0,0.011554591129591129
