SECUCODE,SECURITY_CODE,SECURITY_NAME_ABBR,ORG_CODE,ORG_TYPE,REPORT_DATE,REPORT_TYPE,REPORT_DATE_NAME,SECURITY_TYPE_CODE,NOTICE_DATE,UPDATE_DATE,CURRENCY,SALES_SERVICES,DEPOSIT_INTERBANK_ADD,LOAN_PBC_ADD,OFI_BF_ADD,RECEIVE_ORIGIC_PREMIUM,RECEIVE_REINSURE_NET,INSURED_INVEST_ADD,DISPOSAL_TFA_ADD,RECEIVE_INTEREST_COMMISSION,BORROW_FUND_ADD,LOAN_ADVANCE_REDUCE,REPO_BUSINESS_ADD,RECEIVE_TAX_REFUND,RECEIVE_OTHER_OPERATE,OPERATE_INFLOW_OTHER,OPERATE_INFLOW_BALANCE,TOTAL_OPERATE_INFLOW,BUY_SERVICES,LOAN_ADVANCE_ADD,PBC_INTERBANK_ADD,PAY_ORIGIC_COMPENSATE,PAY_INTEREST_COMMISSION,PAY_POLICY_BONUS,PAY_STAFF_CASH,PAY_ALL_TAX,PAY_OTHER_OPERATE,OPERATE_OUTFLOW_OTHER,OPERATE_OUTFLOW_BALANCE,TOTAL_OPERATE_OUTFLOW,OPERATE_NETCASH_OTHER,OPERATE_NETCASH_BALANCE,NETCASH_OPERATE,WITHDRAW_INVEST,RECEIVE_INVEST_INCOME,DISPOSAL_LONG_ASSET,DISPOSAL_SUBSIDIARY_OTHER,REDUCE_PLEDGE_TIMEDEPOSITS,RECEIVE_OTHER_INVEST,INVEST_INFLOW_OTHER,INVEST_INFLOW_BALANCE,TOTAL_INVEST_INFLOW,CONSTRUCT_LONG_ASSET,INVEST_PAY_CASH,PLEDGE_LOAN_ADD,OBTAIN_SUBSIDIARY_OTHER,ADD_PLEDGE_TIMEDEPOSITS,PAY_OTHER_INVEST,INVEST_OUTFLOW_OTHER,INVEST_OUTFLOW_BALANCE,TOTAL_INVEST_OUTFLOW,INVEST_NETCASH_OTHER,INVEST_NETCASH_BALANCE,NETCASH_INVEST,ACCEPT_INVEST_CASH,SUBSIDIARY_ACCEPT_INVEST,RECEIVE_LOAN_CASH,ISSUE_BOND,RECEIVE_OTHER_FINANCE,FINANCE_INFLOW_OTHER,FINANCE_INFLOW_BALANCE,TOTAL_FINANCE_INFLOW,PAY_DEBT_CASH,ASSIGN_DIVIDEND_PORFIT,SUBSIDIARY_PAY_DIVIDEND,BUY_SUBSIDIARY_EQUITY,PAY_OTHER_FINANCE,SUBSIDIARY_REDUCE_CASH,FINANCE_OUTFLOW_OTHER,FINANCE_OUTFLOW_BALANCE,TOTAL_FINANCE_OUTFLOW,FINANCE_NETCASH_OTHER,FINANCE_NETCASH_BALANCE,NETCASH_FINANCE,RATE_CHANGE_EFFECT,CCE_ADD_OTHER,CCE_ADD_BALANCE,CCE_ADD,BEGIN_CCE,END_CCE_OTHER,END_CCE_BALANCE,END_CCE,NETPROFIT,ASSET_IMPAIRMENT,FA_IR_DEPR,OILGAS_BIOLOGY_DEPR,IR_DEPR,IA_AMORTIZE,LPE_AMORTIZE,DEFER_INCOME_AMORTIZE,PREPAID_EXPENSE_REDUCE,ACCRUED_EXPENSE_ADD,DISPOSAL_LONGASSET_LOSS,FA_SCRAP_LOSS,FAIRVALUE_CHANGE_LOSS,FINANCE_EXPENSE,INVEST_LOSS,DEFER_TAX,DT_ASSET_REDUCE,DT_LIAB_ADD,PREDICT_LIAB_ADD,INVENTORY_REDUCE,OPERATE_RECE_REDUCE,OPERATE_PAYABLE_ADD,OTHER,OPERATE_NETCASH_OTHERNOTE,OPERATE_NETCASH_BALANCENOTE,NETCASH_OPERATENOTE,DEBT_TRANSFER_CAPITAL,CONVERT_BOND_1YEAR,FINLEASE_OBTAIN_FA,UNINVOLVE_INVESTFIN_OTHER,END_CASH,BEGIN_CASH,END_CASH_EQUIVALENTS,BEGIN_CASH_EQUIVALENTS,CCE_ADD_OTHERNOTE,CCE_ADD_BALANCENOTE,CCE_ADDNOTE,SALES_SERVICES_YOY,DEPOSIT_INTERBANK_ADD_YOY,LOAN_PBC_ADD_YOY,OFI_BF_ADD_YOY,RECEIVE_ORIGIC_PREMIUM_YOY,RECEIVE_REINSURE_NET_YOY,INSURED_INVEST_ADD_YOY,DISPOSAL_TFA_ADD_YOY,RECEIVE_INTEREST_COMMISSION_YOY,BORROW_FUND_ADD_YOY,LOAN_ADVANCE_REDUCE_YOY,REPO_BUSINESS_ADD_YOY,RECEIVE_TAX_REFUND_YOY,RECEIVE_OTHER_OPERATE_YOY,OPERATE_INFLOW_OTHER_YOY,OPERATE_INFLOW_BALANCE_YOY,TOTAL_OPERATE_INFLOW_YOY,BUY_SERVICES_YOY,LOAN_ADVANCE_ADD_YOY,PBC_INTERBANK_ADD_YOY,PAY_ORIGIC_COMPENSATE_YOY,PAY_INTEREST_COMMISSION_YOY,PAY_POLICY_BONUS_YOY,PAY_STAFF_CASH_YOY,PAY_ALL_TAX_YOY,PAY_OTHER_OPERATE_YOY,OPERATE_OUTFLOW_OTHER_YOY,OPERATE_OUTFLOW_BALANCE_YOY,TOTAL_OPERATE_OUTFLOW_YOY,OPERATE_NETCASH_OTHER_YOY,OPERATE_NETCASH_BALANCE_YOY,NETCASH_OPERATE_YOY,WITHDRAW_INVEST_YOY,RECEIVE_INVEST_INCOME_YOY,DISPOSAL_LONG_ASSET_YOY,DISPOSAL_SUBSIDIARY_OTHER_YOY,REDUCE_PLEDGE_TIMEDEPOSITS_YOY,RECEIVE_OTHER_INVEST_YOY,INVEST_INFLOW_OTHER_YOY,INVEST_INFLOW_BALANCE_YOY,TOTAL_INVEST_INFLOW_YOY,CONSTRUCT_LONG_ASSET_YOY,INVEST_PAY_CASH_YOY,PLEDGE_LOAN_ADD_YOY,OBTAIN_SUBSIDIARY_OTHER_YOY,ADD_PLEDGE_TIMEDEPOSITS_YOY,PAY_OTHER_INVEST_YOY,INVEST_OUTFLOW_OTHER_YOY,INVEST_OUTFLOW_BALANCE_YOY,TOTAL_INVEST_OUTFLOW_YOY,INVEST_NETCASH_OTHER_YOY,INVEST_NETCASH_BALANCE_YOY,NETCASH_INVEST_YOY,ACCEPT_INVEST_CASH_YOY,SUBSIDIARY_ACCEPT_INVEST_YOY,RECEIVE_LOAN_CASH_YOY,ISSUE_BOND_YOY,RECEIVE_OTHER_FINANCE_YOY,FINANCE_INFLOW_OTHER_YOY,FINANCE_INFLOW_BALANCE_YOY,TOTAL_FINANCE_INFLOW_YOY,PAY_DEBT_CASH_YOY,ASSIGN_DIVIDEND_PORFIT_YOY,SUBSIDIARY_PAY_DIVIDEND_YOY,BUY_SUBSIDIARY_EQUITY_YOY,PAY_OTHER_FINANCE_YOY,SUBSIDIARY_REDUCE_CASH_YOY,FINANCE_OUTFLOW_OTHER_YOY,FINANCE_OUTFLOW_BALANCE_YOY,TOTAL_FINANCE_OUTFLOW_YOY,FINANCE_NETCASH_OTHER_YOY,FINANCE_NETCASH_BALANCE_YOY,NETCASH_FINANCE_YOY,RATE_CHANGE_EFFECT_YOY,CCE_ADD_OTHER_YOY,CCE_ADD_BALANCE_YOY,CCE_ADD_YOY,BEGIN_CCE_YOY,END_CCE_OTHER_YOY,END_CCE_BALANCE_YOY,END_CCE_YOY,NETPROFIT_YOY,ASSET_IMPAIRMENT_YOY,FA_IR_DEPR_YOY,OILGAS_BIOLOGY_DEPR_YOY,IR_DEPR_YOY,IA_AMORTIZE_YOY,LPE_AMORTIZE_YOY,DEFER_INCOME_AMORTIZE_YOY,PREPAID_EXPENSE_REDUCE_YOY,ACCRUED_EXPENSE_ADD_YOY,DISPOSAL_LONGASSET_LOSS_YOY,FA_SCRAP_LOSS_YOY,FAIRVALUE_CHANGE_LOSS_YOY,FINANCE_EXPENSE_YOY,INVEST_LOSS_YOY,DEFER_TAX_YOY,DT_ASSET_REDUCE_YOY,DT_LIAB_ADD_YOY,PREDICT_LIAB_ADD_YOY,INVENTORY_REDUCE_YOY,OPERATE_RECE_REDUCE_YOY,OPERATE_PAYABLE_ADD_YOY,OTHER_YOY,OPERATE_NETCASH_OTHERNOTE_YOY,OPERATE_NETCASH_BALANCENOTE_YOY,NETCASH_OPERATENOTE_YOY,DEBT_TRANSFER_CAPITAL_YOY,CONVERT_BOND_1YEAR_YOY,FINLEASE_OBTAIN_FA_YOY,UNINVOLVE_INVESTFIN_OTHER_YOY,END_CASH_YOY,BEGIN_CASH_YOY,END_CASH_EQUIVALENTS_YOY,BEGIN_CASH_EQUIVALENTS_YOY,CCE_ADD_OTHERNOTE_YOY,CCE_ADD_BALANCENOTE_YOY,CCE_ADDNOTE_YOY,OPINION_TYPE,OSOPINION_TYPE,MINORITY_INTEREST,MINORITY_INTEREST_YOY
603759.SH,603759,海天股份,10533413,通用,2025-03-31 00:00:00,一季报,2025一季报,058001001,2025-04-30 00:00:00,2025-04-30 00:00:00,CNY,298328708.0,,,,,,,,,,,,403715.7,33044053.31,,0,331776477.01,125663528.88,,,,,,77878271.29,36106998.47,62299676.38,,0,301948475.02,,0,29828001.99,3557471.0,,260.0,,,16018000.0,,0,19575731.0,66867336.86,280090000.0,,85570582.15,,247638097.64,,0,680166016.65,,0,-660590285.65,,,1301600800.1,,61675193.01,,0,1363275993.11,413684927.42,23637582.19,,,226233365.49,,,0,663555875.1,,0,699720118.01,,,0,68957834.35,447148588.97,,0,516106423.32,,,,,,,,,,,,,,,,,,,,,,,,,,,,,,,,,,,,,,19.4452007406,,,,,,,,,,,,754.036875527,-1.7184427024,,,17.0571948574,-0.0482934296,,,,,,20.5583631432,40.976964958,11.0165590066,,,10.9893823131,,,162.1226075005,,,-56.6666666667,,,301.8404493274,,,391.01864615,-58.9002624899,,,,,405.3775829497,,,221.2939028506,,,-218.036214334,,,473.6364731776,,-4.7308554034,,,367.4496129375,1045.417906916,6.0650315686,,,64.7944887005,,,,239.0946541636,,,629.2039242428,,,,168.7015648514,21.4839136192,,,92.7933811863,,,,,,,,,,,,,,,,,,,,,,,,,,,,,,,,,,,,,,,,,
603759.SH,603759,海天股份,10533413,通用,2024-12-31 00:00:00,年报,2024年报,058001001,2025-03-06 00:00:00,2025-03-06 00:00:00,CNY,1261505139.98,,,,,,,,,,,,4019232.18,153267424.72,,0,1418791796.88,420591117.9,,,,,,198589123.39,114961402.29,227448854.85,,0,961590498.43,,0,457201298.45,,3846640.37,205328.0,7791000.0,,85899374.6,,0,97742342.97,369928809.81,174400000.0,,,,98841157.02,,0,643169966.83,,0,-545427623.86,8970000.0,8970000.0,1190119476.4,,226752048.35,,0,1425841524.75,921639833.88,223279233.24,707148.76,,113619805.37,,,0,1258538872.49,,0,167302652.26,,,0,79076326.85,368072262.12,,0,447148588.97,330249806.01,339212.95,77233690.77,77233690.77,,165859033.13,4682331.28,,,,300279.36,91949.5,,94955626.86,-9971380.44,-20830231.17,-21670049.89,839818.72,,24059044.72,-329455291.02,52922668.1,7870569.75,,0.0,457201298.45,,,,,447148588.97,368072262.12,,,,,79076326.85,19.9135404489,,,,,,,,,,,,-43.7744263378,5.7517730348,,,17.8308499754,2.5560463588,,,,,,12.8810867674,18.4157864998,15.1723792763,,,9.1966120149,,,41.3351772674,,-61.235318981,-50.5505980707,122.9642771248,,1947.1175488525,,,-41.8299637136,-3.1599475872,248.8,,,,618.2631220602,,,44.2858518157,,,-96.3861250288,-39.5543402559,-39.5543402559,-8.5058556451,,-19.8563564929,,,-10.8030712992,-28.421260208,128.533450181,8.4431468764,,-38.6759052828,,,,-19.8672425895,,,498.2615582863,,,,7.2660557629,25.0447390124,,,21.4839136192,39.4826178232,27.0083933168,1.6636434672,1.6636434672,,17.6929142729,25.3322164191,,,,626.7592257177,-50.2466174144,,11.478321318,38.3848446441,-252.2842631859,-335.649163566,189.4655053767,,241.7853717191,-17.9664730955,-3.063222284,593.9313833539,,,41.3351772674,,,,,21.4839136192,25.0447390124,,,,,7.2660557629,标准无保留意见,,,
603759.SH,603759,海天股份,10533413,通用,2024-09-30 00:00:00,三季报,2024三季报,058001001,2024-10-30 00:00:00,2024-10-30 00:00:00,CNY,855603083.23,,,,,,,,,,,,3300289.51,107394166.97,,0,966297539.71,328830182.49,,,,,,155964812.01,88522683.69,167226410.65,,0,740544088.84,,0,225753450.87,5950000.0,311854.37,24325.0,,,58252374.6,,0,64538553.97,275767010.07,69300000.0,,,,49299000.0,,0,394366010.07,,0,-329827456.1,8970000.0,8970000.0,645272164.2,,98508254.17,,0,752750418.37,417859082.67,197676049.81,707148.76,,120225811.66,,,0,735760944.14,,0,16989474.23,,,0,-87084531.0,368072262.12,,0,280987731.12,,,,,,,,,,,,,,,,,,,,,,,,,,,,,,,,,,,,,,22.5413492057,,,,,,,,,,,,-50.3165040543,1.3488728077,,,19.174863655,14.122377261,,,,,,13.4985851997,22.0086117548,20.4541558077,,,16.2662318779,,,29.8291371208,-96.0465116279,-92.7936372024,-93.8112605698,,,1836.3623711539,,,-59.2118997761,-4.6675041786,38.3233510847,,,,184.7370981723,,,10.5650002815,,,-66.1987576314,-15.8518836902,-15.8518836902,-40.3186615955,,-55.4073737368,,,-42.6590636537,-60.9329585013,161.2856329405,8.4431468764,,-40.008032592,,,,-45.3231393393,,,151.6545842789,,,,-51.5590969048,25.0447390124,,,18.6136090588,,,,,,,,,,,,,,,,,,,,,,,,,,,,,,,,,,,,,,,,,
603759.SH,603759,海天股份,10533413,通用,2024-06-30 00:00:00,中报,2024中报,058001001,2024-08-20 00:00:00,2024-08-20 00:00:00,CNY,580730710.69,,,,,,,,,,,,463357.25,70910894.54,,0,652104962.48,222754420.29,,,,,,106797033.18,62636055.09,102697671.52,,0,494885180.08,,0,157219782.4,4000000.0,,9400.0,,,4016159.19,,0,8025559.19,234195980.27,,,,,49001051.35,,0,283197031.62,,0,-275171472.43,8420000.0,8420000.0,422400664.2,,76916788.09,,0,507737452.29,117040277.0,172558242.18,,,209999575.72,,,0,499598094.9,,0,8139357.39,,,0,-109812332.64,368072262.12,,0,258259929.48,116011516.11,324340.63,36476948.25,36476948.25,,81033453.15,2323868.85,,,,31595.48,47009.27,,44483757.85,-6873509.85,-7022372.71,-9261955.21,2239582.5,,15468672.33,-100523103.86,-40320070.5,,,0.0,157219782.4,,,,,258259929.48,368072262.12,,,,,-109812332.64,25.1602717615,,,,,,,,,,,,-87.7801397373,7.1003671838,,,22.1190353785,24.7951154326,,,,,,12.2633990471,25.5974573311,18.8902395025,,,20.7397504949,,,26.6740373881,-97.3333333333,,-97.4840574894,,,1786.6520290946,,,-94.7075277744,17.0750475526,,,,,2254.2426715403,,,12.3260241587,,,-173.8581554663,-15.8,-15.8,-24.4493316564,,-62.4902270459,,,-34.4138836393,-80.4092066816,244.6030927427,,,26.124967794,,,,-38.6243564748,,,120.4266686172,,,,-577.3261740225,25.0447390124,,,-7.1474500715,-2.3363774288,21195.8877756037,-7.0383383389,-7.0383383389,,29.1438979067,28.553849492,,,,153.9697159249,,,11.1985817861,20.9777288185,-49.7491978005,-107.151585675,1125.8149569442,,678.0870200877,34.5435985992,-669.546081847,,,,26.6740373881,,,,,-7.1474500715,25.0447390124,,,,,-577.3261740225,,,,
603759.SH,603759,海天股份,10533413,通用,2024-03-31 00:00:00,一季报,2024一季报,058001001,2024-04-25 00:00:00,2025-04-30 00:00:00,CNY,249761988.05,,,,,,,,,,,,47271.46,33621825.11,,0,283431084.62,125724245.43,,,,,,64597983.3,25611984.54,56117462.96,,0,272051676.23,,0,11379408.39,,,600.0,,,3986159.19,,0,3986759.19,162695289.34,,,,,49000609.84,,0,211695899.18,,0,-207709139.99,,,226903424.2,,64737846.94,,0,291641271.14,36116506.03,22285933.3,,,137282118.64,,,0,195684557.97,,0,95956713.17,,,0,-100373018.43,368072262.12,,0,267699243.69,,,,,,,,,,,,,,,,,,,,,,,,,,,,,,,,,,,,,,12.1191885536,,,,,,,,,,,,-72.7248435997,-1.8556658422,,,10.2006149918,38.5277928539,,,,,,14.2970718919,8.2582425208,27.2162602573,,,26.5091089478,,,-73.0028635724,,,100.0,,,,,,-92.0407470003,60.7610107685,,,,,1233.5416491783,,,36.6858721818,,,-98.2183300335,,,0.7821304618,,-54.751903087,,,-20.7960573972,-87.5540578903,-10.5312738712,,,251.8842961511,,,,-44.7389875056,,,580.2553458511,,,,-106.8197247463,25.0447390124,,,8.9001549958,,,,,,,,,,,,,,,,,,,,,,,,,,,,,,,,,,,,,,,,,
603759.SH,603759,海天股份,10533413,通用,2023-12-31 00:00:00,年报,2023年报,058001001,2024-03-20 00:00:00,2025-03-06 00:00:00,CNY,1052012254.21,,,,,,,,,,,,7148405.82,144931305.0,,0,1204091965.03,410108553.16,,,,,,175927721.0,97082834.72,197485591.84,,0,880604700.72,,0,323487264.31,150000000.0,9923054.36,415228.48,3494281.73,,4196113.44,,0,168028678.01,381999803.38,50000000.0,,,,13761134.88,,0,445760938.26,,0,-277732260.25,14839775.16,14839775.16,1300760267.0,,282932043.55,,0,1598532085.71,1287588796.0,97700898.08,652091.7,,185277590.96,,,0,1570567285.04,,0,27964800.67,,,0,73719804.73,294352457.39,,0,368072262.12,236767714.26,267079.16,75969823.76,75969823.76,,140925249.54,3735935.91,,,,-57005.05,184810.55,,85178558.25,-16183324.35,-5912904.25,-4974197.52,-938706.73,,-16968636.77,-279278749.61,54595035.39,1134200.0,1134200.0,0.0,323487264.31,,,,,368072262.12,294352457.39,,,,,73719804.73,4.9647669083,,,,,,,,,,,,-83.7774104043,7.5707224552,,,1.951107495,14.0285136456,,,,,,12.6571141346,-3.9195894117,13.2596242214,,,11.2963405455,,,-17.016935756,-65.1140749283,-63.0625077165,-27.3167543345,-27.7040432152,,-90.354742358,,,-66.7760927948,36.829684111,-89.9628133786,,,,-81.9499847377,,,-47.8256215843,,,20.3340923246,-1.0021670447,-1.0021670447,25.0679710814,,56.8009886234,,,29.386253775,61.4357245342,-44.7337183337,-44.0123382888,,-14.5699354104,,,,31.8425659199,,,-36.7718614344,,,,-13.7077842533,40.8910543713,,,25.0447390124,10.030279542,-79.6949690935,12.9004274008,12.9004274008,,11.9048761319,12.9017370194,,,,-13.3609047706,63.8408975841,,-6.7053671643,46.5773745929,-903.3007568366,-151.2937537643,-167.528473295,,-220.4069084062,-47.362885706,11.6695428276,,-95.4359919178,,-17.016935756,,,,,25.0447390124,40.8910543713,,,,,-13.7077842533,标准无保留意见,,,
603759.SH,603759,海天股份,10533413,通用,2023-09-30 00:00:00,三季报,2023三季报,058001001,2023-10-26 00:00:00,2024-10-30 00:00:00,CNY,698215817.58,,,,,,,,,,,,6642627.39,105964836.11,,0,810823281.08,288138216.52,,,,,,137415644.2,72554455.31,138829922.08,,0,636938238.11,,0,173885042.97,150500000.0,4327486.4,393052.58,,,3008340.56,,0,158228879.54,289268635.73,50100000.8,,,,17313866.13,,0,356682502.66,,0,-198453623.12,10659775.16,10659775.16,1081195867.0,,220907047.7,,0,1312762689.86,1069594898.0,75655154.7,652091.7,,200403182.05,,,0,1345653234.75,,0,-32890544.89,,,0,-57459125.04,294352457.39,,0,236893332.35,,,,,,,,,,,,,,,,,,,,,,,,,,,,,,,,,,,,,,-1.9352633637,,,,,,,,,,,,285.9475908852,3.2782084449,,,-0.6730204916,4.4076295925,,,,,,11.5301764743,-3.164273958,9.7288921382,,,6.0450576751,,,-19.3810082707,-62.3724443364,-81.6438633373,-23.6635469368,,,-96.0658146843,,,-68.3877044555,26.5396316935,-89.299160135,,,,252.1868359793,,,-49.1970326239,,,1.5413398133,1321.3033546667,1321.3033546667,16.0277266376,,149.9131972192,,,28.5779096639,76.5171148203,-49.5963587795,-44.0123382888,,103.6707114582,,,,57.4898097938,,,-119.7484004523,,,,-131.8024795735,40.8910543713,,,-39.195291359,,,,,,,,,,,,,,,,,,,,,,,,,,,,,,,,,,,,,,,,,
603759.SH,603759,海天股份,10533413,通用,2023-06-30 00:00:00,中报,2023中报,058001001,2023-08-29 00:00:00,2024-08-20 00:00:00,CNY,463989653.04,,,,,,,,,,,,3791837.55,66209758.57,,0,533991249.16,178496105.01,,,,,,95130767.54,49870480.2,86380237.73,,0,409877590.48,,0,124113658.68,150000000.0,1054536.4,373617.44,,,212872.28,,0,151641026.12,200039192.95,50000000.8,,,,2081393.39,,0,252120587.14,,0,-100479561.02,10000000.0,10000000.0,559095867.0,,205057994.31,,0,774153861.31,597424898.0,50074490.28,,,166501192.74,,,0,814000581.02,,0,-39846719.71,,,0,-16212622.05,294352457.39,,0,278139835.34,118786824.67,1523.02,39238700.77,39238700.77,,62746637.25,1807700.71,,,,-58542.98,0.0,,40003889.56,-8698193.24,-4689422.59,-4471100.32,-218322.27,,-2675838.03,-153572609.72,7079334.19,,,0.0,124113658.68,,,,,278139835.34,294352457.39,,,,,-16212622.05,-4.8383048074,,,,,,,,,,,,249.2373924712,-0.3060676018,,,-3.7990623021,-0.3168648987,,,,,,13.2556240934,-8.6296596078,11.5080402693,,,3.7386188296,,,-22.415855411,0.0,-75.1476476309,3835.3006109122,,,-99.7249396553,,,-34.5369858165,26.8615975519,-77.0825879688,,,,15.9976879749,,,-33.3049399537,,,31.355196235,,,-37.9588801845,,566.0256592893,,,-16.9325512683,22.8149805616,-58.5359507827,,,22.5358372202,,,,9.5428632363,,,-121.0974871477,,,,-108.0075613417,40.8910543713,,,-32.3899739134,18.006419882,-97.2957467787,17.2889163136,17.2889163136,,1.0523453707,23.720529389,,,,-1937.0569609242,-100.0,,-28.8580554223,-46.5831583653,-22.583516114,-34.4320069516,56.2981809447,,78.8186651459,-42.5223835463,-71.1533910827,,,,-22.415855411,,,,,-32.3899739134,40.8910543713,,,,,-108.0075613417,,,,
603759.SH,603759,海天股份,10533413,通用,2023-03-31 00:00:00,一季报,2023一季报,058001001,2023-04-26 00:00:00,2024-04-25 00:00:00,CNY,222764712.51,,,,,,,,,,,,173313.25,34257530.4,,0,257195556.16,90757416.14,,,,,,56517618.72,23658230.49,44111863.41,,0,215045128.76,,0,42150427.4,50000000.0,89315.07,300.0,,,,,0,50089615.07,101203201.3,50000000.8,,,,3674471.65,,0,154877673.75,,0,-104788058.68,,,225142516.0,,143073082.31,,0,368215598.31,290187000.0,24909188.12,,,39013425.76,,,0,354109613.88,,0,14105984.43,,,0,-48531646.85,294352457.39,,0,245820810.54,,,,,,,,,,,,,,,,,,,,,,,,,,,,,,,,,,,,,,7.0077150705,,,,,,,,,,,,-66.8307065536,-2.1039549571,,,5.5409770511,-5.7037804132,,,,,,13.4814124455,-17.2877170976,23.5051208734,,,2.2222256851,,,26.4928579231,-50.0,-89.7716675884,-94.3396226415,,,,,,-59.2017772502,5.6107039114,-49.9999992,,,,-9.0850859884,,,-22.5101405237,,,-35.9219292343,,,-30.7184694459,,80.8652534312,,,-8.8738502581,46.3735365774,-9.4179132077,,,-33.2309808111,,,,24.6073084216,,,-88.2344163619,,,,-163.7567608082,40.8910543713,,,-13.7598038266,,,,,,,,,,,,,,,,,,,,,,,,,,,,,,,,,,,,,,,,,
603759.SH,603759,海天股份,10533413,通用,2022-12-31 00:00:00,年报,2022年报,058001001,2023-04-26 00:00:00,2024-03-20 00:00:00,CNY,1002252741.75,,,,,,,,,,,,44064517.43,134731181.21,,0,1181048440.39,359654388.23,,,,,,156162105.12,101043317.91,174365395.61,,0,791225206.87,,0,389823233.52,429972832.0,26864450.58,571285.0,4833301.73,,43504420.47,,0,505746289.78,279179043.54,498147557.54,,802000.0,,76238909.94,,0,854367511.02,,0,-348621221.24,14990000.0,14990000.0,1040042671.0,,180440216.63,,0,1235472887.63,797586036.0,176782108.61,1164706.08,,216876332.53,,,0,1191244477.14,,0,44228410.49,,,0,85430422.77,208922034.62,,0,294352457.39,215184143.17,1315334.91,67289226.01,67289226.01,,125933073.17,3309015.44,,,,-50286.34,112798.79,,91300598.61,-30293015.79,-589345.14,-1979435.4,1390090.26,,14092743.51,-189517698.62,48889817.23,,24850963.88,0.0,389823233.52,,,,,294352457.39,208922034.62,,,,,85430422.77,1.7274354936,,,,,,,,,,,,1378.8134349616,8.9783521158,,,6.224262346,1.0130635534,,,,,,25.23507822,3.436590547,3.2199473308,,,5.8700785447,,,6.9504863815,325.7156752475,3499.2277036849,-84.582630486,,,-6.8083859741,,,232.4333966153,-50.5310329929,16.6083263341,,-63.6217580733,,34.6115502522,,,-18.6618744374,,,61.1890736155,-98.2010257338,145.435368779,78.4075221296,,882.339204421,,,-13.8791229392,61.8488881599,10.6008525287,-18.1569752544,,4.5525431203,,,,38.5059249311,,,-92.3015754439,,,,109.662772612,24.228617684,,,40.8910543713,-1.4235355079,391.1171904526,13.6243199531,13.6243199531,,19.6742542966,164.1145008042,,,,98.5279464144,-59.9225836709,,1.9350038834,-166.7618403812,95.6573813276,84.2593705133,239.5859388729,,225.7438170121,-9.7616409338,-39.7236716564,,1405.4388839903,,6.9504863815,,,,,40.8910543713,24.228617684,,,,,109.662772612,标准无保留意见,,,
603759.SH,603759,海天股份,10533413,通用,2022-09-30 00:00:00,三季报,2022三季报,058001001,2022-10-27 00:00:00,2023-10-26 00:00:00,CNY,711994791.94,,,,,,,,,,,,1721121.61,102601349.99,,0,816317263.54,275974291.96,,,,,,123209384.71,74925296.97,126520845.49,,0,600629819.13,,0,215687444.41,399972832.0,23575148.08,514895.0,,,76466671.46,,0,500529546.54,228599239.51,468187557.54,,387000.0,,4916102.58,,0,702089899.63,,0,-201560353.09,750000.0,750000.0,931842671.0,,88393510.29,,0,1020986181.29,605944018.0,150098589.84,1164706.08,,98395680.27,,,0,854438288.11,,0,166547893.18,,,0,180674984.5,208922034.62,,0,389597019.12,,,,,,,,,,,,,,,,,,,,,,,,,,,,,,,,,,,,,,9.9224458699,,,,,,,,,,,,-69.6919052415,24.7297875062,,,10.96358313,4.6360214948,,,,,,30.323089968,0.6470826021,4.0894199157,,,8.3617470897,,,18.9145697079,39897.2832,56333.6279593058,-85.9205709047,,,237.7496462532,,,1730.8332708281,-40.7115392874,268.0141153435,,-75.2887518919,,-94.2185703034,,,17.1340792941,,,64.7653211225,-99.9095194641,-57.4459103477,143.5047256179,,695.5399201464,,,-16.4972855327,51.5039061296,13.2268326721,,,79.740590477,,,,45.4956414417,,,-73.7900554095,,,,-26.1848788413,24.228617684,,,-5.6534114546,,,,,,,,,,,,,,,,,,,,,,,,,,,,,,,,,,,,,,,,,
603759.SH,603759,海天股份,10533413,通用,2022-06-30 00:00:00,中报,2022中报,058001001,2022-08-18 00:00:00,2023-08-29 00:00:00,CNY,487580272.82,,,,,,,,,,,,1085747.87,66413027.33,,0,555079048.02,179063494.37,,,,,,83996506.4,54580600.21,77465479.19,,0,395106080.17,,0,159972967.85,150000000.0,4243205.57,9494.0,0.0,,77391119.48,,0,231643819.05,157683015.83,218174725.54,,367800.0,,1794340.41,,0,378019881.78,,0,-146376062.73,0.0,0.0,901169851.0,,30788302.44,,0,931958153.44,486443018.0,120766040.04,,,135879589.61,,,0,743088647.65,,0,188869505.79,,,0,202466410.91,208922034.62,,0,411388445.53,100661324.01,56319.43,33454738.95,33454738.95,,62093202.31,1461116.21,,,,-2873.9,239005.73,,56231088.14,-5933964.95,-3825491.99,-3325919.49,-499572.5,,-12632999.99,-107753326.81,24541304.7,,,0.0,159972967.85,,,,,411388445.53,208922034.62,,,,,202466410.91,23.368283997,,,,,,,,,,,,-76.0815513569,26.2722934459,,,22.7079585749,10.3963716196,,,,,,32.3511738556,5.3509743029,0.4057820043,,,11.414815989,,,63.6859136525,,,-99.7403454822,,,243.9598450899,,,785.6090602892,-28.8262793693,701.5236059515,,,,-97.3893825734,,,19.061718981,,,49.7581076734,-100.0,-100.0,196.5925277754,,331.0990814223,,,-18.2414261447,31.4438251396,14.3162826012,,,304.5046959343,,,,45.9009481183,,,-70.0482908404,,,,-53.6657341467,24.228617684,,,-32.0181489433,27.1025023847,169.6572893467,-5.9267704956,-5.9267704956,,29.6685725729,152.6910118176,,,,99.9140612404,29.4959369592,,31.4233982462,-286.0253515158,57.1690167343,42.4491796089,84.1531308763,,61.9716716901,-10.2641493737,-18.1657843755,,,,63.6859136525,,,,,-32.0181489433,24.228617684,,,,,-53.6657341467,,,,
603759.SH,603759,海天股份,10533413,通用,2022-03-31 00:00:00,一季报,2022一季报,058001001,2022-04-26 00:00:00,2023-04-26 00:00:00,CNY,208176309.87,,,,,,,,,,,,522511.13,34993783.85,,0,243692604.85,96247141.76,,,,,,49803414.94,28603043.78,35716627.05,,0,210370227.53,,0,33322377.32,100000000.0,873212.43,5300.0,,,21895500.0,,0,122774012.43,95826651.61,100000000.0,,,,4041659.93,,0,199868311.54,,0,-77094299.11,,,324967584.0,,79104791.88,,0,404072375.88,198251000.0,27499022.16,,,58430431.11,,,0,284180453.27,,0,119891922.61,,,0,76120000.82,208922034.62,,0,285042035.44,,,,,,,,,,,,,,,,,,,,,,,,,,,,,,,,,,,,,,21.0808589554,,,,,,,,,,,,-2.2382785023,45.8306381302,,,24.0403922113,16.6873116979,,,,,,32.3343797866,42.1161081251,28.4480606425,,,25.1829002745,,,17.2827277827,,,-79.3323974419,,,4.2084597537,,,483.6128300594,-31.9797864238,,,,,-64.0542535294,,,31.3856054043,,,41.1882474111,,,33.2702528253,,413.368835754,,,-62.8061305964,391.925758666,15.5322638972,,,97.8058886455,,,,203.4744282071,,,-87.923285336,,,,-91.4479428429,24.228617684,,,-73.0648675752,,,,,,,,,,,,,,,,,,,,,,,,,,,,,,,,,,,,,,,,,
603759.SH,603759,海天股份,10533413,通用,2021-12-31 00:00:00,年报,2021年报,058001001,2022-04-12 00:00:00,2023-04-26 00:00:00,CNY,985233469.11,,,,,,,,,,,,2979721.2,123631141.96,,0,1111844332.27,356047401.77,,,,,,124695179.13,97686241.76,168926065.28,,0,747354887.94,,0,364489444.33,101000000.0,746394.86,3705463.5,,,46682763.17,,0,152134621.53,564351876.4,427197245.0,,2204614.51,,56636232.03,,0,1050389967.94,,0,-898255346.41,833252608.54,6107514.2,582958979.86,,18368422.62,,0,1434580011.02,492796734.7,159837925.81,1423097.55,,207432862.04,,,0,860067522.55,,0,574512488.47,,,0,40746586.39,168175448.23,,0,208922034.62,218291601.63,267825.06,59220795.37,59220795.37,,105229879.15,1252871.55,,,,-3416067.22,281452.25,,89567464.69,-11355828.01,-13571192.51,-12575325.54,-995866.97,,-11207504.15,-172662960.4,81109481.24,1650745.45,1650745.45,0.0,364489444.33,,,,,208922034.62,168175448.23,,,,,40746586.39,28.3330579472,,,,,,,,,,,,-62.9948016803,34.3782857085,,,28.1265374547,50.4530456197,,,,,,36.4294396538,11.1643647911,23.9758878339,,,35.3457781774,,,15.4951126647,,,,,,-68.9745593561,,,1.1089179314,52.5874058435,4738.0208946772,,,,-86.4067654639,,,32.0688775261,,,-39.2927081105,56583.8509210884,315.4771564626,-51.9627229105,,-41.6770906255,,,15.0868235285,-25.7562228696,61.9398611602,29.1290317561,,144.8656609137,,,,1.5224379589,,,43.8619387506,,,,-41.8484287482,71.4224887157,,,24.228617684,21.1386619252,-44.9187419746,25.4000193551,25.4000193551,,81.7999231893,103.8313401747,,,,,-89.9610447421,,7.61485919,-167.4573590768,-274.3670913557,-208.8077254164,-322.7314251005,,46.8610774193,-58.6913968636,20.4119689549,,,,15.4951126647,,,,,24.228617684,71.4224887157,,,,,-41.8484287482,标准无保留意见,,,
603759.SH,603759,海天股份,10533413,通用,2021-09-30 00:00:00,三季报,2021三季报,058001001,2021-10-26 00:00:00,2022-10-27 00:00:00,CNY,647724662.88,,,,,,,,,,,,5678752.24,82258899.05,,0,735662314.17,263746927.7,,,,,,94541485.12,74443585.48,121550149.47,,0,554282147.77,,0,181380166.4,1000000.0,41775.0,3657073.0,,,22640044.87,,0,27338892.87,385571217.0,127220000.0,,1566088.44,,85032644.83,,0,599389950.27,,0,-572051057.4,828907557.14,1762462.8,382679501.86,,11111134.47,,0,1222698193.47,399952736.19,132564504.63,,,54743160.69,,,0,587260401.51,,0,635437791.96,,,0,244766900.96,168175448.23,,0,412942349.19,,,,,,,,,,,,,,,,,,,,,,,,,,,,,,,,,,,,,,33.0917442994,,,,,,,,,,,,-22.8653792839,-16.3231283388,,,24.1953537487,57.5969073772,,,,,,32.4912491672,21.5256161825,26.6960904986,,,40.0027452263,,,-7.6639371351,,,18185.365,,,-4.7842470007,,,14.8807607975,39.6172096104,2727.1111111111,,,,-68.9383635802,,,8.111626991,,,-7.8080400563,56288.2691931973,19.8954285714,-63.6773258905,,-25.0146623546,,,14.287611091,-21.5010890675,99.5349312634,,,-23.3687453614,,,,-9.2858808643,,,50.4107614622,,,,177.2523443907,71.4224887157,,,121.5487846521,,,,,,,,,,,,,,,,,,,,,,,,,,,,,,,,,,,,,,,,,
603759.SH,603759,海天股份,10533413,通用,2021-06-30 00:00:00,中报,2021中报,058001001,2021-08-16 00:00:00,2022-08-18 00:00:00,CNY,395223356.46,,,,,,,,,,,,4539374.13,52595090.75,,0,452357821.34,162200525.02,,,,,,63464874.51,51808348.78,77152408.6,,0,354626156.91,,0,97731664.43,0.0,0.0,3656397.0,0.0,,22500044.87,,0,26156441.87,221546681.04,27220000.0,,0.0,,68732415.24,,0,317499096.28,,0,-291342654.41,828907557.14,1762462.8,303841050.13,,7141815.83,,0,1139890423.1,370076736.19,105642028.67,0.0,,33591597.57,,,0,509310362.43,,0,630580060.67,,,0,436969070.69,168175448.23,,0,605144518.92,79196964.75,-80852.17,35562443.35,35562443.35,,47886084.56,578222.47,,,,-3344125.53,184566.2,0.0,42786207.7,-1537195.66,-8931599.74,-5779100.05,-3152499.69,,-33219971.93,-97722902.16,29989051.05,0.0,,0.0,97731664.43,,,,,605144518.92,168175448.23,,,,,436969070.69,32.1602209867,,,,,,,,,,,,18.6563894846,23.8726531679,,,30.9916608198,44.8658531961,,,,,,24.7931236697,19.1135307371,38.9522177145,,,35.4354634928,,,17.0553132359,,,18181.985,,,15.358527297,,,33.9676329136,41.5662962863,504.8888888889,,,,-35.3450833195,,,18.778580506,,,-17.5817154662,10264.401962829,-77.9627140006,-58.1829731529,,,,,55.1728190363,-19.4741367154,156.5385438994,,,-36.6208272572,,,,-8.0261786543,,,248.698212542,,,,2540.0845782139,71.4224887157,,,427.7860963051,41.3143418952,,73.8805523725,73.8805523725,,68.566929746,238.9872811427,,,,-55330.0980432783,-93.2787592942,,-0.6574718778,-58.6566876434,-312.3629067929,-130.2645169542,-1016.9317595903,,-965.0576228241,-32.9320104895,281.3111438861,,,,17.0553132359,,,,,427.7860963051,71.4224887157,,,,,2540.0845782139,,,,
603759.SH,603759,海天股份,10533413,通用,2021-03-31 00:00:00,一季报,2021一季报,058001001,2021-04-30 00:00:00,2022-04-26 00:00:00,CNY,171931642.76,,,,,,,,,,,,534474.15,23996180.98,,0,196462297.89,82482954.11,,,,,,37634524.77,20126531.86,27806279.73,,0,168050290.47,,0,28412007.42,,,25644.0,,,21011250.0,,0,21036894.0,140879668.81,,,,,11243777.99,,0,152123446.8,,0,-131086552.8,827145094.34,,243841050.13,,15408958.7,,0,1086395103.17,40301000.0,23802028.31,,,29539277.88,,,0,93642306.19,,0,992752796.98,0.0,,0,890078251.6,168175448.23,,0,1058253699.83,,,,,,,,,,,,,,,,,,,,,,,,,,,,,,,,,,,,,,32.7534019972,,,,,,,,,,,,-56.3951338238,22.0982307091,,,30.6343965249,17.4878391163,,,,,,23.0206841382,3.097941293,2.4411917775,,,13.9610138973,,,870.3636039453,,,,,,48.6175850588,,,48.7989711901,517.6016660207,,,,,-80.5691280829,,,87.8153021084,,,-96.0656346315,,,-15.9168792655,,,,,274.6190010931,-82.5987164069,13.5493159258,,,1215.4994693941,,,,-63.2494495277,,,2720.7355228075,,,,3197.4639588952,71.4224887157,,,1425.5181321116,,,,,,,,,,,,,,,,,,,,,,,,,,,,,,,,,,,,,,,,,
603759.SH,603759,海天股份,10533413,通用,2020-12-31 00:00:00,年报,2020年报,058001001,2021-04-20 00:00:00,2022-04-12 00:00:00,CNY,767716038.93,,,,,,,,,,,,8052169.25,92002321.14,,0,867770529.32,236650179.0,,,,,,91399026.08,87875500.34,136257193.42,,0,552181898.84,,0,315588630.48,,,,,,150466076.23,,0,150466076.23,369854820.77,8830000.0,,,,416650149.6,,0,795334970.37,,0,-644868894.14,1470000.0,1470000.0,1213555420.25,,31494352.42,,0,1246519772.67,663754935.09,98702027.2,1102074.05,,84712924.33,,,0,847169886.62,,0,399349886.05,,,0,70069622.39,98105825.84,,0,168175448.23,180199779.46,486236.28,47225507.36,47225507.36,,57882246.21,614660.9,,,,,2803601.0,,83229644.46,-4245846.16,-3625102.96,-4072218.57,447115.61,,-21090951.05,-108804235.02,67359982.52,,,0.0,315588630.48,,,,,168175448.23,98105825.84,,,,,70069622.39,-0.0078908094,,,,,,,,,,,,-53.0699500725,-7.150531807,,,-1.8383610242,17.1158661732,,,,,,4.8619202185,-10.0706095877,4.9744912841,,,6.8581877319,,,-14.0739479551,,,,,,120.7939474418,,,111.4344472577,26.0193127144,194.3333333333,,,,127.0549418157,,,65.6973763276,,,-57.7359574046,-91.5282017519,-91.5282017519,76.0006650441,,5049.5017037279,,,76.1913198381,16.5300096717,15.4984726214,-70.230306591,,460.8156881305,,,,26.412562286,,,970.1246679516,,,,1756.2255244648,-4.1340879722,,,71.4224887157,13.2722728468,104.4347495191,31.5033727937,31.5033727937,,0.7251388764,-84.034467152,,,,,-49.1605640718,,27.3152525927,47.7138006281,-59.8008105308,-96.3847114876,329.3829388557,,-1953.1032429177,-494.4300514779,92.1112316608,,,,-14.0739479551,,,,,71.4224887157,-4.1340879722,,,,,1756.2255244648,标准无保留意见,,,
603759.SH,603759,海天股份,10533413,通用,2020-09-30 00:00:00,三季报,2020三季报,058001001,2021-10-26 00:00:00,2021-10-26 00:00:00,CNY,486675312.8,,,,,,,,,,,,7362131.54,98305418.71,,0,592342863.05,167355395.54,,,,,,71356776.93,61257525.63,95938358.47,,0,395908056.57,,0,196434806.48,,,20000.0,,,23777625.19,,0,23797625.19,276163102.01,4500000.0,,,,273754555.88,,0,554417657.89,,0,-530620032.7,1470000.0,1470000.0,1053555420.25,,14817742.8,,0,1069843163.05,509501000.0,66436740.57,,,71437119.16,,,0,647374859.73,,0,422468303.32,,,0,88283077.1,98105825.84,,0,186388902.94,,,,,,,,,,,,,,,,,,,,,,,,,,,,,,,,,,,,,,,,,,,,,,,,,,,,,,,,,,,,,,,,,,,,,,,,,,,,,,,,,,,,,,,,,,,,,,,,,,,,,,,,,,,,,,,,,,,,,,,,,,,,,,,,,,,,,,,,,,,,,,,,,,,,,,,,,,,,,,,
603759.SH,603759,海天股份,10533413,通用,2020-06-30 00:00:00,中报,2020中报,058001001,2021-02-09 00:00:00,2021-08-16 00:00:00,CNY,299048649.82,,,,,,,,,,,,3825646.6,42459000.76,,0,345333297.18,111966016.45,,,,,,50856066.94,43494931.65,55524416.86,,0,261841431.9,,0,83491865.28,,,20000.0,,,19504448.78,,0,19524448.78,156496769.96,4500000.0,,,,106306556.05,,0,267303326.01,,0,-247778877.23,7997640.0,7997640.0,726596492.0,,,,0,734594132.0,459575000.0,41179788.06,,,53001003.51,,,0,553755791.57,,0,180838340.43,,,0,16551328.48,98105825.84,,0,114657154.32,56043118.97,0.0,20452225.89,20452225.89,,28407757.46,170573.5,,,,-6033.05,2746013.84,0.0,43069376.74,-968881.73,-2165956.15,-2509765.78,343809.63,,-3119077.43,-73513446.31,7864719.28,0.0,,0.0,83491865.28,,,,,114657154.32,98105825.84,,,,,16551328.48,,,,,,,,,,,,,,,,,,,,,,,,,,,,,,,,,,,,,,,,,,,,,,,,,,,,,,,,,,,,,,,,,,,,,,,,,,,,,,,,,,,,,,,,,,,,,,,,,,,,,,,,,,,,,,,,,,,,,,,标准无保留意见,,,
603759.SH,603759,海天股份,10533413,通用,2020-03-31 00:00:00,一季报,2020一季报,058001001,2021-04-30 00:00:00,2021-04-30 00:00:00,CNY,129512042.76,,,,,,,,,,,,1225721.34,19653176.66,,0,150390940.76,70205524.87,,,,,,30592030.14,19521759.22,27143651.15,,0,147462965.38,,0,2927975.38,,,,,,14137795.33,,0,14137795.33,22810765.67,320000.0,,,,57865535.0,,0,80996300.67,,0,-66858505.34,,,290000000.0,,0.0,,0,290000000.0,231597857.62,20961842.1,,,2245480.03,,,0,254805179.75,,0,35194820.25,0.0,,0,-28735709.71,98105825.84,,0,69370116.13,,,,,,,,,,,,,,,,,,,,,,,,,,,,,,,,,,,,,,,,,,,,,,,,,,,,,,,,,,,,,,,,,,,,,,,,,,,,,,,,,,,,,,,,,,,,,,,,,,,,,,,,,,,,,,,,,,,,,,,,,,,,,,,,,,,,,,,,,,,,,,,,,,,,,,,,,,,,,,,
603759.SH,603759,海天股份,10533413,通用,2019-12-31 00:00:00,年报,2019年报,058001001,2020-06-19 00:00:00,2021-04-20 00:00:00,CNY,767776622.72,,,,,,,,,,,,17157810.96,99087612.38,,0,884022046.06,202065003.43,,,,,,87161312.6,97716108.09,129800289.34,,0,516742713.46,,0,367279332.6,2981885.25,,34788.5,,,68147735.92,,0,71164409.67,293490587.12,3000000.0,,,,183501907.63,,0,479992494.75,,0,-408828085.08,17351688.0,17351688.0,689517519.69,,611600.0,,0,707480807.69,569600000.0,85457430.7,3702000.0,,15105305.74,,,0,670162736.44,,0,37318071.25,,,0,-4230681.23,102336507.07,,0,98105825.84,159085515.75,-10964233.22,35912012.26,35912012.26,,57465541.23,3849924.12,,,,-188933.09,5514618.62,,65372877.77,-8120395.46,-2268513.5,-2073592.46,-194921.04,,-1027271.82,27585178.82,35063011.12,,,0.0,367279332.6,,,,,98105825.84,102336507.07,,,,,-4230681.23,34.277375907,,,,,,,,,,,,54.2413080647,36.1861340383,,,34.8278964104,14.1903873579,,,,,,5.7990770536,25.1031833697,44.7151509494,,,20.9772673432,,,60.7161759485,,,-99.4708259293,,,-79.9294161896,,,-79.4390550537,98.497703722,,,,,-48.9589040161,,,-5.3966864301,,,-153.5220463365,160132.3373730732,160132.3373730732,142.7878590458,,-99.3234513274,,,88.9584255424,111.3365590357,9.6063866913,50.0,,-84.1077013385,,,,51.4361241767,,,154.7768934439,,,,-391.8804692254,-0.8334610169,,,-4.1340879722,27.978446368,-153.739887007,15.1942178758,15.1942178758,,6.1283010714,53.4873915716,,,,96.6635061411,1566.741054097,,7.3662056187,-105.4641282884,64.468676188,64.3634610088,65.550678619,,72.5181822639,138.4884314257,10.4876658448,,,,60.7161759485,,,,,-4.1340879722,-0.8334610169,,,,,-391.8804692254,标准无保留意见,,,
603759.SH,603759,海天股份,10533413,通用,2018-12-31 00:00:00,年报,2018年报,058001001,2019-06-28 00:00:00,2021-02-23 00:00:00,CNY,571784053.37,,,,,,,,,,,,11124005.09,72758958.23,,0,655667016.69,176954477.61,,,,,,82383811.87,78108410.56,89693641.95,,0,427140341.99,,0,228526674.7,,,6574112.74,,,339540376.92,,0,346114489.66,147855910.48,,,,,359517961.15,,0,507373871.63,,0,-161259381.97,10829.08,10829.08,284000000.0,,90400000.0,,0,374410829.08,269522700.0,77967564.92,2468000.0,,95047960.41,,,0,442538225.33,,0,-68127396.25,,,0,-860103.52,103196610.59,,0,102336507.07,124306490.87,20402412.12,31175186.5,31175186.5,,54147235.61,2508299.92,,,,-5662623.64,330862.35,,60887760.16,-3952220.53,-6384545.4,-5818725.72,-565819.68,,-3738005.36,-71671351.1,31734774.06,-5557600.86,,0.0,228526674.7,,,,,102336507.07,103196610.59,,,,,-860103.52,15.7703948785,,,,,,,,,,,,-26.3838112558,3.2945903097,,,13.1545098585,27.2979685351,,,,,,21.883999196,0.5626033646,-4.664059914,,,12.8946113776,,,13.6435098565,,,854568.8429537182,,,280.1507971426,,,276.9619688958,-41.9484441385,,,,,100.0634345974,,,16.798889455,,,52.9283414304,-98.646365,-98.646365,5.9701492537,,10.9637000363,,,6.8926478103,-5.7777661248,5.0796732705,,,-11.5936850632,,,,-5.3922677238,,,42.0158201992,,,,99.667894461,-71.5069433577,,,-0.8334610169,60.2014517813,70.6258499252,1.8443744825,1.8443744825,,17.2339089226,13401.6273221314,,,,,631.2549023855,,-15.5545850773,-62.3214517457,-30.381476845,-49.5922529433,43.8166746052,,-84.4988703705,13.7630592662,-42.3445960461,,,,13.6435098565,,,,,-0.8334610169,-71.5069433577,,,,,99.667894461,标准无保留意见,,,
603759.SH,603759,海天股份,10533413,通用,2017-12-31 00:00:00,年报,2017年报,058001001,2019-06-28 00:00:00,2021-02-23 00:00:00,CNY,493894880.44,,,,,,,,,,,,15110813.64,70438304.67,,0,579443998.75,139008092.31,,,,,,67591982.88,77671428.49,94081667.28,,0,378353170.96,,0,201090827.79,,,769.2,2498763.48,,89317286.58,,0,91816819.26,254697584.39,,,,,179701983.96,,0,434399568.35,,0,-342582749.09,800000.0,800000.0,268000000.0,,81468083.68,,0,350268083.68,286050000.0,74198522.41,,,107512636.94,,,0,467761159.35,,0,-117493075.67,,,0,-258984996.97,362181607.56,,0,103196610.59,77593860.41,11957398.09,30610612.18,30610612.18,,46187349.81,18577.76,,,,,45245.83,,72103097.86,-2434810.98,-4896819.36,-3889723.97,-1007095.39,,-2026031.57,-83109802.47,55042150.23,,,0.0,201090827.79,,,,,103196610.59,362181607.56,,,,,-258984996.97,-0.7309600381,,,,,,,,,,,,-0.9412724104,60.5326896704,,,4.0922546962,15.9057778254,,,,,,4.2635542633,24.5970307879,30.0527936601,,,18.4429280289,,,-15.2319073649,,,,-85.0580928886,,-2.0636630308,,,-14.9240132628,15.2959271975,,,,,-20.3601924941,,,-8.9349404025,,,7.1837499801,-99.7696449653,-89.0260631001,-53.9518900344,,-59.6386308621,,,-69.0339735403,-38.4045253994,-6.8219300232,,,-27.7544098933,,,,-32.4871294523,,,-126.8071973118,,,,-184.5206745888,549.4730303534,,,-71.5069433577,63.0544456025,112.1196730588,1.6406693341,1.6406693341,,6.4815941802,1448.1466666667,,,,,-77.102312753,,-4.4827614556,39.8901155384,46.5074025038,47.6138507225,41.7560933434,,48.8776066715,-353.8022751323,-21.7079207466,,,-100.0,-15.2319181814,,,,,-71.506942763,549.4725368911,,,,,-184.5206883613,标准无保留意见,,,
603759.SH,603759,海天股份,10533413,通用,2016-12-31 00:00:00,年报,2016年报,058001001,2019-06-28 00:00:00,2019-06-28 00:00:00,CNY,497531637.89,,,,,,,,,,,,15254399.09,43877857.41,,0,556663894.39,119931978.3,,,,,,64828005.68,62338105.49,72341135.19,,0,319439224.66,,0,237224669.73,,784.8,,16723189.76,,91199333.51,,0,107923308.07,220907702.97,30470000.0,,,,225643418.27,,0,477021121.24,,0,-369097813.17,347290000.0,7290000.0,582000000.0,,201846680.18,,0,1131136680.18,464401000.0,79630885.71,,,148815501.1,,,0,692847386.81,,0,438289293.37,,,0,306416149.93,55765457.63,,0,362181607.56,47587700.0,5637100.0,30116500.0,30116500.0,,43375900.0,1200.0,,,,,197600.0,,75487000.0,-4050600.0,-9154200.0,-7425100.0,-1729100.0,,-3963100.0,-18314100.0,70303600.0,,,100.0,237224700.0,,,,,362181600.0,55765500.0,,,,,306416100.0,,,,,,,,,,,,,,,,,,,,,,,,,,,,,,,,,,,,,,,,,,,,,,,,,,,,,,,,,,,,,,,,,,,,,,,,,,,,,,,,,,,,,,,,,,,,,,,,,,,,,,,,,,,,,,,,,,,,,,,标准无保留意见,,,
